year,qtr,origin,dest,pc_hawaiian,pc_aloha,pc_go,pc_island,pc_other,mf_hawaiian,mf_aloha,mf_go,mf_island,mf_other
1993,1,HNL,OGG,36,399,0,5,260,72,58,NA,61.5,44
1993,1,HNL,KOA,30,267,0,0,62,40.21,58,NA,NA,55.745
1993,1,HNL,LIH,6,167,0,0,23,38.6,47,NA,NA,64
1993,1,HNL,ITO,8,204,0,0,0,45.37,51.99,NA,NA,NA
1993,1,OGG,HNL,48,384,0,1,231,57.75,56,NA,52,44
1993,1,OGG,KOA,32,151,0,0,0,44.305,50.5,NA,NA,NA
1993,1,OGG,LIH,14,101,0,0,0,58.48,55.51,NA,NA,NA
1993,1,OGG,ITO,4,107,0,0,0,38.775,50.51,NA,NA,NA
1993,1,KOA,HNL,64,270,0,0,79,74.01,62.01,NA,NA,59
1993,1,KOA,OGG,1,123,0,0,1,67.5,54,NA,NA,62
1993,1,KOA,LIH,62,51,0,0,0,46.51,50.01,NA,NA,NA
1993,1,KOA,ITO,0,4,0,0,0,NA,36,NA,NA,NA
1993,1,LIH,HNL,18,153,0,0,24,33.5,48,NA,NA,58
1993,1,LIH,OGG,18,101,0,0,0,56.99,55.51,NA,NA,NA
1993,1,LIH,KOA,49,50,0,0,0,53.99,53.99,NA,NA,NA
1993,1,LIH,ITO,62,54,0,0,0,40,46.01,NA,NA,NA
1993,1,ITO,HNL,12,196,0,0,1,62.995,51.99,NA,NA,148
1993,1,ITO,OGG,7,93,0,0,0,57.01,50.51,NA,NA,NA
1993,1,ITO,KOA,6,1,0,0,0,33,28,NA,NA,NA
1993,1,ITO,LIH,64,57,0,0,0,36.255,37.02,NA,NA,NA
1993,2,HNL,OGG,60,376,0,3,269,37,59.25,NA,60.5,44
1993,2,HNL,KOA,33,270,0,0,55,42,53,NA,NA,47
1993,2,HNL,LIH,27,173,0,0,9,37,50,NA,NA,54
1993,2,HNL,ITO,27,151,0,0,0,37.99,51,NA,NA,NA
1993,2,OGG,HNL,67,355,0,0,224,38,59,NA,NA,44
1993,2,OGG,KOA,27,163,0,0,0,32.66,47,NA,NA,NA
1993,2,OGG,LIH,22,131,0,0,0,53.99,57.99,NA,NA,NA
1993,2,OGG,ITO,8,112,0,0,0,35.505,47,NA,NA,NA
1993,2,KOA,HNL,53,295,0,0,59,45.24,54.99,NA,NA,47.51
1993,2,KOA,OGG,9,149,0,0,0,38,49,NA,NA,NA
1993,2,KOA,LIH,31,66,0,0,1,59,53.99,NA,NA,147.99
1993,2,KOA,ITO,10,0,0,0,0,40,NA,NA,NA,NA
1993,2,LIH,HNL,28,158,0,0,13,37.495,52,NA,NA,54
1993,2,LIH,OGG,26,138,0,0,0,53.99,55,NA,NA,NA
1993,2,LIH,KOA,39,65,0,0,0,54.01,54.01,NA,NA,NA
1993,2,LIH,ITO,56,79,0,0,0,54,46.01,NA,NA,NA
1993,2,ITO,HNL,26,141,0,0,0,37.11,51,NA,NA,NA
1993,2,ITO,OGG,11,98,0,0,1,37.99,45,NA,NA,117.99
1993,2,ITO,KOA,0,8,0,0,0,NA,33,NA,NA,NA
1993,2,ITO,LIH,53,78,0,0,0,54,45,NA,NA,NA
1993,3,HNL,OGG,6,380,0,2,246,49.5,56.5,NA,65,44
1993,3,HNL,KOA,6,251,0,0,47,45,59.99,NA,NA,66.99
1993,3,HNL,LIH,1,210,0,0,5,45,53,NA,NA,69
1993,3,HNL,ITO,2,156,0,0,1,42.5,54.99,NA,NA,117.99
1993,3,OGG,HNL,28,352,0,0,185,59,58.25,NA,NA,44
1993,3,OGG,KOA,3,123,0,0,0,45,50,NA,NA,NA
1993,3,OGG,LIH,1,123,0,0,0,48,51.99,NA,NA,NA
1993,3,OGG,ITO,0,116,0,0,0,NA,52.01,NA,NA,NA
1993,3,KOA,HNL,14,258,0,0,50,74.01,59.99,NA,NA,45
1993,3,KOA,OGG,0,95,0,0,0,NA,51,NA,NA,NA
1993,3,KOA,LIH,0,89,0,0,0,NA,51,NA,NA,NA
1993,3,KOA,ITO,1,5,0,0,0,38,38,NA,NA,NA
1993,3,LIH,HNL,18,206,0,0,4,51.5,48.71,NA,NA,72.75
1993,3,LIH,OGG,2,110,0,0,0,60.995,55,NA,NA,NA
1993,3,LIH,KOA,0,78,0,0,0,NA,51.5,NA,NA,NA
1993,3,LIH,ITO,0,76,0,0,0,NA,51.01,NA,NA,NA
1993,3,ITO,HNL,8,130,0,0,1,74,54.99,NA,NA,90.37
1993,3,ITO,OGG,0,109,0,0,0,NA,52.01,NA,NA,NA
1993,3,ITO,KOA,0,2,0,0,0,NA,28,NA,NA,NA
1993,3,ITO,LIH,0,58,0,0,0,NA,51.99,NA,NA,NA
1993,4,HNL,OGG,2,463,0,0,302,40,53.5,NA,NA,44
1993,4,HNL,KOA,0,260,0,0,61,NA,53,NA,NA,74.01
1993,4,HNL,LIH,2,294,0,0,1,61,46.5,NA,NA,20
1993,4,HNL,ITO,2,131,0,0,3,47.995,53.01,NA,NA,148
1993,4,OGG,HNL,37,453,0,0,263,48,53,NA,NA,44
1993,4,OGG,KOA,2,92,0,0,0,45,52,NA,NA,NA
1993,4,OGG,LIH,0,178,0,0,0,NA,48,NA,NA,NA
1993,4,OGG,ITO,2,72,0,0,0,45,53.14,NA,NA,NA
1993,4,KOA,HNL,20,247,0,0,56,74.01,53,NA,NA,45
1993,4,KOA,OGG,2,67,0,0,0,61,52,NA,NA,NA
1993,4,KOA,LIH,0,91,0,0,0,NA,51,NA,NA,NA
1993,4,KOA,ITO,0,8,0,0,0,NA,28,NA,NA,NA
1993,4,LIH,HNL,15,273,0,0,1,74,44.5,NA,NA,20
1993,4,LIH,OGG,0,176,0,0,0,NA,48,NA,NA,NA
1993,4,LIH,KOA,0,88,0,0,0,NA,47.99,NA,NA,NA
1993,4,LIH,ITO,0,74,0,0,0,NA,51.01,NA,NA,NA
1993,4,ITO,HNL,5,132,0,0,0,47,49.01,NA,NA,NA
1993,4,ITO,OGG,3,75,0,0,0,48,51.7,NA,NA,NA
1993,4,ITO,KOA,7,6,0,0,0,38,28,NA,NA,NA
1993,4,ITO,LIH,0,57,0,0,0,NA,47.99,NA,NA,NA
1994,1,HNL,OGG,27,467,0,2,182,26.01,53.5,NA,71,44
1994,1,HNL,KOA,17,350,0,0,64,45,54.99,NA,NA,40.49
1994,1,HNL,LIH,16,331,0,0,1,25.84,50,NA,NA,42
1994,1,HNL,ITO,13,235,0,0,1,39.01,52.51,NA,NA,148.01
1994,1,OGG,HNL,36,434,0,0,153,53.5,53.5,NA,NA,44
1994,1,OGG,KOA,22,161,0,0,0,33.88,49,NA,NA,NA
1994,1,OGG,LIH,13,180,0,0,1,51.51,53.59,NA,NA,148.01
1994,1,OGG,ITO,2,116,0,0,0,42.73,52.01,NA,NA,NA
1994,1,KOA,HNL,65,362,0,0,47,66.99,54,NA,NA,40.49
1994,1,KOA,OGG,3,121,0,0,0,51.5,49,NA,NA,NA
1994,1,KOA,LIH,33,93,0,0,0,50,51,NA,NA,NA
1994,1,KOA,ITO,15,10,0,0,0,30,28,NA,NA,NA
1994,1,LIH,HNL,17,313,0,0,2,74,52,NA,NA,71
1994,1,LIH,OGG,25,190,0,0,0,51.17,51.01,NA,NA,NA
1994,1,LIH,KOA,38,121,0,0,0,50.005,52,NA,NA,NA
1994,1,LIH,ITO,56,75,0,0,0,49.51,51.01,NA,NA,NA
1994,1,ITO,HNL,11,258,0,0,1,57.69,52.76,NA,NA,117.99
1994,1,ITO,OGG,8,105,0,0,0,49.99,51,NA,NA,NA
1994,1,ITO,KOA,22,9,0,0,0,40,28,NA,NA,NA
1994,1,ITO,LIH,56,74,0,0,0,43.755,50.5,NA,NA,NA
1994,2,HNL,OGG,68,419,0,0,136,39.48,53,NA,NA,40.75
1994,2,HNL,KOA,32,303,0,0,62,34.22,53.51,NA,NA,44.01
1994,2,HNL,LIH,41,244,0,0,0,26.17,48.75,NA,NA,NA
1994,2,HNL,ITO,41,206,0,0,1,38.28,49.51,NA,NA,148
1994,2,OGG,HNL,68,363,0,0,118,31,52,NA,NA,40
1994,2,OGG,KOA,30,123,0,0,0,47,52.5,NA,NA,NA
1994,2,OGG,LIH,24,188,0,0,0,54.405,56.5,NA,NA,NA
1994,2,OGG,ITO,8,106,0,0,0,32.095,53.14,NA,NA,NA
1994,2,KOA,HNL,65,305,0,0,60,63,54,NA,NA,42.5
1994,2,KOA,OGG,19,106,0,0,0,40,58,NA,NA,NA
1994,2,KOA,LIH,49,82,0,0,0,38.01,56.01,NA,NA,NA
1994,2,KOA,ITO,3,5,0,0,0,39,28,NA,NA,NA
1994,2,LIH,HNL,30,235,0,0,0,41.5,49.5,NA,NA,NA
1994,2,LIH,OGG,44,156,0,0,0,51.83,55.99,NA,NA,NA
1994,2,LIH,KOA,37,95,0,0,0,45.43,55.99,NA,NA,NA
1994,2,LIH,ITO,52,82,0,0,0,42.245,54.745,NA,NA,NA
1994,2,ITO,HNL,35,209,0,0,1,41.99,50.5,NA,NA,148.01
1994,2,ITO,OGG,28,91,0,0,0,49.01,56,NA,NA,NA
1994,2,ITO,KOA,8,4,0,0,0,35,28,NA,NA,NA
1994,2,ITO,LIH,39,72,0,0,0,38.99,51.755,NA,NA,NA
1994,3,HNL,OGG,55,438,0,0,175,34,53.25,NA,NA,44
1994,3,HNL,KOA,38,268,0,0,73,71.99,58,NA,NA,52
1994,3,HNL,LIH,19,254,0,0,0,24,50,NA,NA,NA
1994,3,HNL,ITO,44,180,0,0,1,41.01,54,NA,NA,74
1994,3,OGG,HNL,78,371,0,0,139,56,50,NA,NA,40
1994,3,OGG,KOA,28,159,0,0,0,40.245,55,NA,NA,NA
1994,3,OGG,LIH,60,143,0,0,0,45.08,59,NA,NA,NA
1994,3,OGG,ITO,24,93,0,0,0,44,53.49,NA,NA,NA
1994,3,KOA,HNL,63,289,0,0,66,64.59,59,NA,NA,46.245
1994,3,KOA,OGG,9,111,0,0,0,50,56.5,NA,NA,NA
1994,3,KOA,LIH,48,84,0,0,0,42,56.01,NA,NA,NA
1994,3,KOA,ITO,0,14,0,0,0,NA,28,NA,NA,NA
1994,3,LIH,HNL,29,247,0,0,1,45.63,50,NA,NA,117.99
1994,3,LIH,OGG,49,143,0,0,0,45.01,57.99,NA,NA,NA
1994,3,LIH,KOA,35,101,0,0,0,37.99,56.01,NA,NA,NA
1994,3,LIH,ITO,56,66,0,0,0,42.01,56,NA,NA,NA
1994,3,ITO,HNL,27,189,0,0,0,41,54.97,NA,NA,NA
1994,3,ITO,OGG,37,98,0,0,0,40.99,56,NA,NA,NA
1994,3,ITO,KOA,0,16,0,0,0,NA,28,NA,NA,NA
1994,3,ITO,LIH,53,67,0,0,0,38,56,NA,NA,NA
1994,4,HNL,OGG,40,427,0,2,214,27.51,57,NA,69.5,40
1994,4,HNL,KOA,39,353,0,0,82,51,54,NA,NA,42.25
1994,4,HNL,LIH,22,239,0,0,1,41.25,51.5,NA,NA,76.5
1994,4,HNL,ITO,25,219,0,0,1,43.74,50,NA,NA,164.01
1994,4,OGG,HNL,68,378,0,0,191,40.25,53,NA,NA,40
1994,4,OGG,KOA,46,165,0,0,1,46,42,NA,NA,67
1994,4,OGG,LIH,18,155,0,0,1,50.59,57.49,NA,NA,147.99
1994,4,OGG,ITO,36,75,0,0,0,37.99,41.65,NA,NA,NA
1994,4,KOA,HNL,63,379,0,0,61,61.33,54.99,NA,NA,36.5
1994,4,KOA,OGG,38,112,0,0,0,43,44.25,NA,NA,NA
1994,4,KOA,LIH,20,62,0,0,0,40.995,56.01,NA,NA,NA
1994,4,KOA,ITO,4,4,0,0,0,50,30.5,NA,NA,NA
1994,4,LIH,HNL,19,254,0,0,2,33.22,51.5,NA,NA,82.5
1994,4,LIH,OGG,40,115,0,0,0,60.99,53,NA,NA,NA
1994,4,LIH,KOA,19,73,0,0,0,47.99,58,NA,NA,NA
1994,4,LIH,ITO,27,61,0,0,0,38,46.01,NA,NA,NA
1994,4,ITO,HNL,28,212,0,0,3,51,51.49,NA,NA,95
1994,4,ITO,OGG,41,83,0,0,0,46,48.17,NA,NA,NA
1994,4,ITO,KOA,3,9,0,0,0,41,25,NA,NA,NA
1994,4,ITO,LIH,28,50,0,0,0,42.01,45.76,NA,NA,NA
1995,1,HNL,OGG,53,388,0,2,201,29.37,56.5,NA,61.5,44
1995,1,HNL,KOA,31,338,0,0,48,26.38,56.5,NA,NA,36
1995,1,HNL,LIH,39,271,0,0,0,40,53,NA,NA,NA
1995,1,HNL,ITO,45,196,0,0,1,41,48,NA,NA,203.99
1995,1,OGG,HNL,96,332,0,0,151,31.365,53.5,NA,NA,44
1995,1,OGG,KOA,44,132,0,0,0,44,48.5,NA,NA,NA
1995,1,OGG,LIH,14,143,0,0,0,69.555,49.01,NA,NA,NA
1995,1,OGG,ITO,41,73,0,0,0,49.01,53,NA,NA,NA
1995,1,KOA,HNL,49,333,0,0,44,42,56.5,NA,NA,38.01
1995,1,KOA,OGG,40,93,0,0,0,42,35,NA,NA,NA
1995,1,KOA,LIH,13,43,0,0,0,55.99,58,NA,NA,NA
1995,1,KOA,ITO,6,4,0,0,0,39,28,NA,NA,NA
1995,1,LIH,HNL,36,267,0,0,0,49.65,52.5,NA,NA,NA
1995,1,LIH,OGG,6,126,0,0,0,35.01,46.925,NA,NA,NA
1995,1,LIH,KOA,18,61,0,0,0,48.01,58,NA,NA,NA
1995,1,LIH,ITO,15,55,0,0,0,35.01,49,NA,NA,NA
1995,1,ITO,HNL,35,173,0,0,1,37,49.36,NA,NA,66.51
1995,1,ITO,OGG,52,69,0,0,0,45,50,NA,NA,NA
1995,1,ITO,KOA,28,3,0,0,0,33.5,28,NA,NA,NA
1995,1,ITO,LIH,15,59,0,0,0,35.01,42.01,NA,NA,NA
1995,2,HNL,OGG,53,318,0,0,110,27,52.75,NA,NA,52.5
1995,2,HNL,KOA,58,282,0,0,0,36.75,53.75,NA,NA,NA
1995,2,HNL,LIH,56,256,0,0,0,33.5,49.5,NA,NA,NA
1995,2,HNL,ITO,37,188,0,0,0,40,49.01,NA,NA,NA
1995,2,OGG,HNL,57,282,0,0,83,27.51,49.75,NA,NA,48.5
1995,2,OGG,KOA,59,127,0,0,0,43,44.48,NA,NA,NA
1995,2,OGG,LIH,16,115,0,0,0,65.79,53,NA,NA,NA
1995,2,OGG,ITO,49,101,0,0,0,44,50,NA,NA,NA
1995,2,KOA,HNL,57,330,0,0,3,35,56.01,NA,NA,118.01
1995,2,KOA,OGG,54,103,0,0,0,45,53,NA,NA,NA
1995,2,KOA,LIH,21,100,0,0,0,42.01,42.01,NA,NA,NA
1995,2,KOA,ITO,4,8,0,0,0,32,28,NA,NA,NA
1995,2,LIH,HNL,51,266,0,0,3,35,49,NA,NA,54.5
1995,2,LIH,OGG,34,104,0,0,1,36,42.52,NA,NA,148.02
1995,2,LIH,KOA,16,105,0,0,0,42.01,47.99,NA,NA,NA
1995,2,LIH,ITO,16,65,0,0,0,56,38.51,NA,NA,NA
1995,2,ITO,HNL,36,164,0,0,0,35.995,51.49,NA,NA,NA
1995,2,ITO,OGG,62,93,0,0,0,42,53,NA,NA,NA
1995,2,ITO,KOA,57,8,0,0,0,44,28,NA,NA,NA
1995,2,ITO,LIH,18,66,0,0,0,42.01,38.51,NA,NA,NA
1995,3,HNL,OGG,58,339,0,1,55,25,53,NA,62,52
1995,3,HNL,KOA,60,278,0,0,3,45.23,56.01,NA,NA,107
1995,3,HNL,LIH,49,258,0,0,0,27,54.5,NA,NA,NA
1995,3,HNL,ITO,65,152,0,0,0,40,49.435,NA,NA,NA
1995,3,OGG,HNL,62,301,0,0,38,27.39,53,NA,NA,44
1995,3,OGG,KOA,66,74,0,0,0,51.43,42,NA,NA,NA
1995,3,OGG,LIH,28,113,0,0,0,53.81,55.99,NA,NA,NA
1995,3,OGG,ITO,55,85,0,0,0,45,38.5,NA,NA,NA
1995,3,KOA,HNL,69,302,0,0,3,46.49,56.01,NA,NA,96.57
1995,3,KOA,OGG,45,72,0,0,0,47,55.5,NA,NA,NA
1995,3,KOA,LIH,31,78,0,0,0,45.43,42.01,NA,NA,NA
1995,3,KOA,ITO,5,13,0,0,0,52,28,NA,NA,NA
1995,3,LIH,HNL,70,252,0,0,0,43,52.5,NA,NA,NA
1995,3,LIH,OGG,35,93,0,0,1,49.17,49.99,NA,NA,118.01
1995,3,LIH,KOA,30,66,0,0,0,45.995,58,NA,NA,NA
1995,3,LIH,ITO,23,61,0,0,0,56,38.13,NA,NA,NA
1995,3,ITO,HNL,52,166,0,0,0,35.745,53.01,NA,NA,NA
1995,3,ITO,OGG,35,78,0,0,0,47,38.5,NA,NA,NA
1995,3,ITO,KOA,2,15,0,0,0,44,28,NA,NA,NA
1995,3,ITO,LIH,23,76,0,0,0,42.01,42.01,NA,NA,NA
1995,4,HNL,OGG,38,388,0,0,73,42.28,54.25,NA,NA,46.5
1995,4,HNL,KOA,31,329,0,0,1,24.5,54.5,NA,NA,99.01
1995,4,HNL,LIH,60,322,0,0,0,50.325,49,NA,NA,NA
1995,4,HNL,ITO,39,231,0,0,0,57,53.01,NA,NA,NA
1995,4,OGG,HNL,79,362,0,0,52,35,54.5,NA,NA,42.25
1995,4,OGG,KOA,62,148,0,0,0,42,54.21,NA,NA,NA
1995,4,OGG,LIH,31,126,0,0,0,46.52,63.99,NA,NA,NA
1995,4,OGG,ITO,33,106,0,0,0,52.01,39.065,NA,NA,NA
1995,4,KOA,HNL,88,346,0,0,8,46,54.99,NA,NA,65.5
1995,4,KOA,OGG,50,107,0,0,0,44,52.5,NA,NA,NA
1995,4,KOA,LIH,36,85,0,0,0,36.99,46,NA,NA,NA
1995,4,KOA,ITO,0,11,0,0,0,NA,30,NA,NA,NA
1995,4,LIH,HNL,59,321,0,0,1,37.91,48.5,NA,NA,36.58
1995,4,LIH,OGG,22,87,0,0,1,52.5,72.44,NA,NA,148.02
1995,4,LIH,KOA,38,76,0,0,0,36.99,46,NA,NA,NA
1995,4,LIH,ITO,25,59,0,0,0,38.99,46.01,NA,NA,NA
1995,4,ITO,HNL,39,239,0,0,0,57,54.99,NA,NA,NA
1995,4,ITO,OGG,54,118,0,0,0,42,42,NA,NA,NA
1995,4,ITO,KOA,43,14,0,0,0,46,32,NA,NA,NA
1995,4,ITO,LIH,29,52,0,0,0,37.02,46.01,NA,NA,NA
1996,1,HNL,OGG,55,392,0,0,155,31.82,59,NA,NA,45
1996,1,HNL,KOA,34,348,0,0,0,39.01,59,NA,NA,NA
1996,1,HNL,LIH,34,345,0,0,0,33,56.5,NA,NA,NA
1996,1,HNL,ITO,38,215,0,0,0,40,53.01,NA,NA,NA
1996,1,OGG,HNL,86,373,0,1,111,47,58.5,NA,62,45
1996,1,OGG,KOA,50,204,0,0,0,41,42.5,NA,NA,NA
1996,1,OGG,LIH,12,142,0,0,0,47.905,61.73,NA,NA,NA
1996,1,OGG,ITO,56,113,0,0,0,40,46,NA,NA,NA
1996,1,KOA,HNL,56,404,0,0,3,58.75,59.5,NA,NA,65.99
1996,1,KOA,OGG,54,124,0,0,0,42,42.5,NA,NA,NA
1996,1,KOA,LIH,38,83,0,0,0,40,50.01,NA,NA,NA
1996,1,KOA,ITO,2,12,0,0,0,31.5,32,NA,NA,NA
1996,1,LIH,HNL,55,327,0,0,4,43,55,NA,NA,79.495
1996,1,LIH,OGG,9,145,0,0,0,61.79,59.51,NA,NA,NA
1996,1,LIH,KOA,18,67,0,0,0,42.995,50.01,NA,NA,NA
1996,1,LIH,ITO,4,59,0,0,0,47.505,46.01,NA,NA,NA
1996,1,ITO,HNL,63,198,0,0,0,39.01,52.76,NA,NA,NA
1996,1,ITO,OGG,25,99,0,0,0,42,46,NA,NA,NA
1996,1,ITO,KOA,55,9,0,0,0,46,32,NA,NA,NA
1996,1,ITO,LIH,18,61,0,0,0,38,46.01,NA,NA,NA
1996,2,HNL,OGG,50,361,0,0,116,31.82,60.5,NA,NA,50
1996,2,HNL,KOA,33,312,0,0,0,39.01,60.245,NA,NA,NA
1996,2,HNL,LIH,32,307,0,0,0,35,53.01,NA,NA,NA
1996,2,HNL,ITO,37,188,0,0,0,40,54.99,NA,NA,NA
1996,2,OGG,HNL,69,353,0,0,112,47,60,NA,NA,50
1996,2,OGG,KOA,53,206,0,0,0,41,48,NA,NA,NA
1996,2,OGG,LIH,13,165,0,0,0,36,59,NA,NA,NA
1996,2,OGG,ITO,56,127,0,0,0,40,40.99,NA,NA,NA
1996,2,KOA,HNL,38,352,0,0,1,50,60.99,NA,NA,34
1996,2,KOA,OGG,50,161,0,0,0,41,48,NA,NA,NA
1996,2,KOA,LIH,38,98,0,0,1,40,47.99,NA,NA,155.99
1996,2,KOA,ITO,2,15,0,0,0,31.5,32,NA,NA,NA
1996,2,LIH,HNL,47,278,0,0,1,40.6,49.5,NA,NA,39.92
1996,2,LIH,OGG,9,135,0,0,2,61.79,57.99,NA,NA,142.005
1996,2,LIH,KOA,18,101,0,0,0,42.995,58.99,NA,NA,NA
1996,2,LIH,ITO,4,76,0,0,0,47.505,38.575,NA,NA,NA
1996,2,ITO,HNL,65,204,0,0,0,40,59.495,NA,NA,NA
1996,2,ITO,OGG,25,133,0,0,0,42,43.8,NA,NA,NA
1996,2,ITO,KOA,55,13,0,0,0,46,32,NA,NA,NA
1996,2,ITO,LIH,18,73,0,0,0,38,42.01,NA,NA,NA
1996,3,HNL,OGG,61,378,0,0,54,54,57,NA,NA,70
1996,3,HNL,KOA,89,284,0,0,2,54.99,60.99,NA,NA,47.505
1996,3,HNL,LIH,100,361,0,0,0,53.68,52.5,NA,NA,NA
1996,3,HNL,ITO,47,227,0,0,0,46.01,53.01,NA,NA,NA
1996,3,OGG,HNL,73,378,0,0,52,49,57,NA,NA,69.25
1996,3,OGG,KOA,30,165,0,0,0,42,55.6,NA,NA,NA
1996,3,OGG,LIH,13,198,0,0,0,48,61,NA,NA,NA
1996,3,OGG,ITO,61,116,0,0,0,42,48,NA,NA,NA
1996,3,KOA,HNL,108,317,0,0,3,78.995,60.99,NA,NA,34
1996,3,KOA,OGG,32,131,0,0,0,41,60,NA,NA,NA
1996,3,KOA,LIH,26,91,0,0,0,50.5,52.99,NA,NA,NA
1996,3,KOA,ITO,3,4,0,0,0,36,34.5,NA,NA,NA
1996,3,LIH,HNL,72,361,0,0,3,52,52.5,NA,NA,67.5
1996,3,LIH,OGG,32,170,0,0,2,39,65.79,NA,NA,160.01
1996,3,LIH,KOA,28,110,0,0,0,62.995,52.99,NA,NA,NA
1996,3,LIH,ITO,23,77,0,0,0,47.99,42.01,NA,NA,NA
1996,3,ITO,HNL,62,204,0,0,0,48.005,59.25,NA,NA,NA
1996,3,ITO,OGG,51,119,0,0,0,35.01,48,NA,NA,NA
1996,3,ITO,KOA,32,4,0,0,0,39.5,38,NA,NA,NA
1996,3,ITO,LIH,18,64,0,0,0,50.5,42.99,NA,NA,NA
1996,4,HNL,OGG,85,434,0,0,72,28,62,NA,NA,69.5
1996,4,HNL,KOA,74,453,0,0,1,48.99,59.5,NA,NA,150
1996,4,HNL,LIH,75,359,0,0,0,47,59.05,NA,NA,NA
1996,4,HNL,ITO,74,239,0,0,0,36.005,50,NA,NA,NA
1996,4,OGG,HNL,119,401,0,0,64,28,59.5,NA,NA,66.5
1996,4,OGG,KOA,74,153,0,0,0,42,51,NA,NA,NA
1996,4,OGG,LIH,42,156,0,0,0,39.87,67,NA,NA,NA
1996,4,OGG,ITO,52,91,0,0,0,42,46.5,NA,NA,NA
1996,4,KOA,HNL,82,460,0,0,5,46.34,59.99,NA,NA,60.99
1996,4,KOA,OGG,38,122,0,0,0,50,51.5,NA,NA,NA
1996,4,KOA,LIH,32,87,0,0,0,35.99,58,NA,NA,NA
1996,4,KOA,ITO,18,7,0,0,0,34,34,NA,NA,NA
1996,4,LIH,HNL,64,345,0,0,4,45,56.5,NA,NA,70.25
1996,4,LIH,OGG,21,160,0,0,0,46.52,61.81,NA,NA,NA
1996,4,LIH,KOA,49,87,0,0,0,47.99,58,NA,NA,NA
1996,4,LIH,ITO,23,46,0,0,0,67.99,38,NA,NA,NA
1996,4,ITO,HNL,42,241,0,0,0,43.01,51.49,NA,NA,NA
1996,4,ITO,OGG,66,96,0,0,0,40.99,47.755,NA,NA,NA
1996,4,ITO,KOA,39,8,0,0,0,44,34,NA,NA,NA
1996,4,ITO,LIH,30,44,0,0,0,58,45,NA,NA,NA
1997,1,HNL,OGG,42,502,0,0,63,29,67,NA,NA,63.5
1997,1,HNL,KOA,64,459,0,0,6,49.01,66.99,NA,NA,74.005
1997,1,HNL,LIH,30,411,0,0,0,46,57,NA,NA,NA
1997,1,HNL,ITO,75,259,0,0,0,51.99,51,NA,NA,NA
1997,1,OGG,HNL,71,488,0,0,82,43.04,63,NA,NA,63.5
1997,1,OGG,KOA,41,222,0,0,0,38,53,NA,NA,NA
1997,1,OGG,LIH,12,235,0,0,1,70.495,69,NA,NA,116.94
1997,1,OGG,ITO,44,100,0,0,0,40,46,NA,NA,NA
1997,1,KOA,HNL,78,513,0,0,3,59,68.01,NA,NA,66.99
1997,1,KOA,OGG,46,181,0,0,0,48,52,NA,NA,NA
1997,1,KOA,LIH,33,115,0,0,0,69,58.99,NA,NA,NA
1997,1,KOA,ITO,4,4,0,0,0,48,29,NA,NA,NA
1997,1,LIH,HNL,63,442,0,0,9,46.3,58,NA,NA,60
1997,1,LIH,OGG,8,207,0,0,1,59.005,69,NA,NA,148.02
1997,1,LIH,KOA,33,117,0,0,0,67.99,52,NA,NA,NA
1997,1,LIH,ITO,24,65,0,0,0,45,38.99,NA,NA,NA
1997,1,ITO,HNL,55,246,0,0,0,46.01,54,NA,NA,NA
1997,1,ITO,OGG,46,103,0,0,0,39.99,42,NA,NA,NA
1997,1,ITO,KOA,56,6,0,0,0,39,29,NA,NA,NA
1997,1,ITO,LIH,29,41,0,0,0,45,42.01,NA,NA,NA
1997,2,HNL,OGG,45,364,0,0,51,55,59,NA,NA,72
1997,2,HNL,KOA,49,380,0,0,3,41.9,57.94,NA,NA,79.01
1997,2,HNL,LIH,35,432,0,0,1,46.3,53,NA,NA,62
1997,2,HNL,ITO,56,202,0,0,0,47,56.01,NA,NA,NA
1997,2,OGG,HNL,39,347,0,0,49,51,57,NA,NA,69
1997,2,OGG,KOA,34,222,0,0,0,40.5,51,NA,NA,NA
1997,2,OGG,LIH,13,232,0,0,0,47.83,68.495,NA,NA,NA
1997,2,OGG,ITO,40,106,0,0,0,42,47,NA,NA,NA
1997,2,KOA,HNL,63,407,0,0,2,59,60.99,NA,NA,100.995
1997,2,KOA,OGG,38,167,0,0,0,41,49,NA,NA,NA
1997,2,KOA,LIH,33,100,0,0,0,46.99,57,NA,NA,NA
1997,2,KOA,ITO,21,0,0,0,0,34,NA,NA,NA,NA
1997,2,LIH,HNL,54,445,0,0,7,51.585,53,NA,NA,67
1997,2,LIH,OGG,17,227,0,0,0,47.83,63,NA,NA,NA
1997,2,LIH,KOA,25,111,0,0,0,46.99,51,NA,NA,NA
1997,2,LIH,ITO,23,41,0,0,1,20.99,44.65,NA,NA,78.99
1997,2,ITO,HNL,39,176,0,0,0,47,56.01,NA,NA,NA
1997,2,ITO,OGG,37,110,0,0,0,40,48.005,NA,NA,NA
1997,2,ITO,KOA,34,9,0,0,0,41.5,29,NA,NA,NA
1997,2,ITO,LIH,8,37,0,0,0,31.5,49,NA,NA,NA
1997,3,HNL,OGG,51,321,0,0,51,55,62,NA,NA,69
1997,3,HNL,KOA,36,319,0,0,2,30.79,68.01,NA,NA,76.495
1997,3,HNL,LIH,37,324,0,0,1,43,59.5,NA,NA,76
1997,3,HNL,ITO,30,253,0,0,0,32.13,56.51,NA,NA,NA
1997,3,OGG,HNL,61,287,0,0,56,55,58,NA,NA,70.75
1997,3,OGG,KOA,57,210,0,0,0,48,52.91,NA,NA,NA
1997,3,OGG,LIH,12,247,0,0,0,70.99,64.76,NA,NA,NA
1997,3,OGG,ITO,43,108,0,0,0,42,51,NA,NA,NA
1997,3,KOA,HNL,62,353,0,0,3,60.505,65,NA,NA,89.4
1997,3,KOA,OGG,31,161,0,0,0,55,56,NA,NA,NA
1997,3,KOA,LIH,41,98,0,0,1,63,57,NA,NA,149.01
1997,3,KOA,ITO,12,0,0,0,0,33.5,NA,NA,NA,NA
1997,3,LIH,HNL,67,318,0,0,4,51.67,57.75,NA,NA,50.15
1997,3,LIH,OGG,17,213,0,0,0,65,63,NA,NA,NA
1997,3,LIH,KOA,35,87,0,0,0,50.01,57,NA,NA,NA
1997,3,LIH,ITO,22,51,0,0,0,47,47,NA,NA,NA
1997,3,ITO,HNL,53,223,0,0,1,50,57,NA,NA,149
1997,3,ITO,OGG,49,106,0,0,0,40.99,47,NA,NA,NA
1997,3,ITO,KOA,42,5,0,0,0,41.5,43,NA,NA,NA
1997,3,ITO,LIH,12,74,0,0,0,59.005,43.82,NA,NA,NA
1997,4,HNL,OGG,68,400,0,0,66,30,61,NA,NA,72
1997,4,HNL,KOA,32,362,0,0,2,31.42,60.99,NA,NA,62.995
1997,4,HNL,LIH,57,383,0,0,2,24.15,54,NA,NA,60.125
1997,4,HNL,ITO,47,191,0,0,1,30,57,NA,NA,164
1997,4,OGG,HNL,75,377,0,0,69,82,60,NA,NA,66.5
1997,4,OGG,KOA,47,202,0,0,0,38,52.41,NA,NA,NA
1997,4,OGG,LIH,47,215,0,0,0,47.01,65.99,NA,NA,NA
1997,4,OGG,ITO,32,114,0,0,0,47,53.93,NA,NA,NA
1997,4,KOA,HNL,108,392,0,0,6,54.99,60.99,NA,NA,123
1997,4,KOA,OGG,31,162,0,0,0,46,54.75,NA,NA,NA
1997,4,KOA,LIH,40,87,0,0,1,49.495,63,NA,NA,151.99
1997,4,KOA,ITO,14,3,0,0,0,31.5,34,NA,NA,NA
1997,4,LIH,HNL,81,369,0,0,3,65,55.37,NA,NA,47.31
1997,4,LIH,OGG,76,225,0,0,0,47.01,65,NA,NA,NA
1997,4,LIH,KOA,69,83,0,0,0,41,57.51,NA,NA,NA
1997,4,LIH,ITO,50,38,0,0,0,40.99,56,NA,NA,NA
1997,4,ITO,HNL,59,220,0,0,0,64.99,58,NA,NA,NA
1997,4,ITO,OGG,47,108,0,0,0,42,54.99,NA,NA,NA
1997,4,ITO,KOA,34,5,0,0,0,33,59,NA,NA,NA
1997,4,ITO,LIH,40,45,0,0,0,42.5,51.99,NA,NA,NA
1998,1,HNL,OGG,30,394,0,0,75,55,63.5,NA,NA,72
1998,1,HNL,KOA,10,441,0,0,1,27,62.01,NA,NA,168.99
1998,1,HNL,LIH,29,406,0,0,0,45,58,NA,NA,NA
1998,1,HNL,ITO,23,227,0,0,0,49.01,58,NA,NA,NA
1998,1,OGG,HNL,36,365,0,0,52,86,61.5,NA,NA,66
1998,1,OGG,KOA,50,170,0,0,0,42,56.99,NA,NA,NA
1998,1,OGG,LIH,43,213,0,0,0,45.19,71,NA,NA,NA
1998,1,OGG,ITO,29,76,0,0,0,46,59,NA,NA,NA
1998,1,KOA,HNL,63,458,0,0,2,104.01,64,NA,NA,146.995
1998,1,KOA,OGG,18,162,0,0,0,47,58,NA,NA,NA
1998,1,KOA,LIH,52,75,0,0,0,38.01,65.99,NA,NA,NA
1998,1,KOA,ITO,2,0,0,0,0,39.5,NA,NA,NA,NA
1998,1,LIH,HNL,79,433,0,0,1,65,57,NA,NA,168
1998,1,LIH,OGG,53,201,0,0,0,45.01,75.51,NA,NA,NA
1998,1,LIH,KOA,53,68,0,0,0,45,66.01,NA,NA,NA
1998,1,LIH,ITO,37,32,0,0,1,40.99,49.99,NA,NA,89.99
1998,1,ITO,HNL,30,210,0,0,0,136.5,60,NA,NA,NA
1998,1,ITO,OGG,33,88,0,0,0,42,59,NA,NA,NA
1998,1,ITO,KOA,0,0,0,0,0,NA,NA,NA,NA,NA
1998,1,ITO,LIH,31,35,0,0,0,44.01,62.01,NA,NA,NA
1998,2,HNL,OGG,145,379,0,0,50,65,62,NA,NA,73
1998,2,HNL,KOA,117,326,0,0,2,54.99,62.01,NA,NA,109.99
1998,2,HNL,LIH,162,367,0,0,0,58.525,61.5,NA,NA,NA
1998,2,HNL,ITO,95,204,0,0,0,34.99,61.99,NA,NA,NA
1998,2,OGG,HNL,237,392,0,0,59,78,61,NA,NA,73
1998,2,OGG,KOA,63,177,0,0,2,40,56,NA,NA,86
1998,2,OGG,LIH,64,232,0,0,0,45.01,73.75,NA,NA,NA
1998,2,OGG,ITO,61,73,0,0,0,43,59,NA,NA,NA
1998,2,KOA,HNL,221,335,0,0,2,68.01,65,NA,NA,172.505
1998,2,KOA,OGG,57,120,0,0,0,49,60,NA,NA,NA
1998,2,KOA,LIH,65,72,0,0,0,44.01,72.51,NA,NA,NA
1998,2,KOA,ITO,0,1,0,0,0,NA,36,NA,NA,NA
1998,2,LIH,HNL,195,347,0,0,0,73,60.5,NA,NA,NA
1998,2,LIH,OGG,73,186,0,0,0,46,75,NA,NA,NA
1998,2,LIH,KOA,71,72,0,0,0,41.99,65.5,NA,NA,NA
1998,2,LIH,ITO,28,33,0,0,0,43.5,60.01,NA,NA,NA
1998,2,ITO,HNL,146,194,0,0,0,54.99,61,NA,NA,NA
1998,2,ITO,OGG,61,80,0,0,0,40.99,58,NA,NA,NA
1998,2,ITO,KOA,3,2,0,0,0,29,26,NA,NA,NA
1998,2,ITO,LIH,25,45,0,0,0,42.99,56.99,NA,NA,NA
1998,3,HNL,OGG,187,357,0,0,37,55.5,68,NA,NA,73
1998,3,HNL,KOA,186,322,0,0,0,51,67.755,NA,NA,NA
1998,3,HNL,LIH,158,278,0,0,0,53.68,62.75,NA,NA,NA
1998,3,HNL,ITO,128,196,0,0,0,45.49,62.5,NA,NA,NA
1998,3,OGG,HNL,206,347,0,0,38,51,65,NA,NA,69
1998,3,OGG,KOA,81,135,0,0,0,46,58,NA,NA,NA
1998,3,OGG,LIH,70,198,0,0,0,50.67,78.5,NA,NA,NA
1998,3,OGG,ITO,44,73,0,0,0,45,58,NA,NA,NA
1998,3,KOA,HNL,203,359,0,0,1,53.51,68.01,NA,NA,162.49
1998,3,KOA,OGG,54,118,0,0,0,52,64,NA,NA,NA
1998,3,KOA,LIH,46,72,0,0,0,57.995,68,NA,NA,NA
1998,3,KOA,ITO,0,1,0,0,0,NA,22,NA,NA,NA
1998,3,LIH,HNL,179,305,0,0,0,45,62,NA,NA,NA
1998,3,LIH,OGG,50,208,0,0,0,38,77.99,NA,NA,NA
1998,3,LIH,KOA,50,83,0,0,1,54,79.01,NA,NA,171.99
1998,3,LIH,ITO,21,40,0,0,0,38.99,65,NA,NA,NA
1998,3,ITO,HNL,145,200,0,0,0,44.99,64.99,NA,NA,NA
1998,3,ITO,OGG,47,79,0,0,0,42,58,NA,NA,NA
1998,3,ITO,KOA,8,2,0,0,0,29,35.5,NA,NA,NA
1998,3,ITO,LIH,19,48,0,0,0,40,56.99,NA,NA,NA
1998,4,HNL,OGG,223,341,0,0,46,52,66,NA,NA,73.5
1998,4,HNL,KOA,203,287,0,0,1,50.01,65,NA,NA,180.01
1998,4,HNL,LIH,191,234,0,0,0,46,63,NA,NA,NA
1998,4,HNL,ITO,154,156,0,0,0,46.01,56.01,NA,NA,NA
1998,4,OGG,HNL,231,332,0,0,39,55.5,63,NA,NA,73
1998,4,OGG,KOA,99,156,0,0,0,43,59,NA,NA,NA
1998,4,OGG,LIH,75,203,0,0,1,50.5,69.99,NA,NA,175.01
1998,4,OGG,ITO,62,62,0,0,0,44,58,NA,NA,NA
1998,4,KOA,HNL,216,329,0,0,0,53,65,NA,NA,NA
1998,4,KOA,OGG,56,111,0,0,0,40,65,NA,NA,NA
1998,4,KOA,LIH,49,65,0,0,0,55.99,67.01,NA,NA,NA
1998,4,KOA,ITO,1,3,0,0,0,31,30,NA,NA,NA
1998,4,LIH,HNL,202,252,0,0,0,49,61.5,NA,NA,NA
1998,4,LIH,OGG,107,186,0,0,2,51.17,69,NA,NA,175.515
1998,4,LIH,KOA,54,68,0,0,0,45,60.5,NA,NA,NA
1998,4,LIH,ITO,34,42,0,0,0,42.01,48.495,NA,NA,NA
1998,4,ITO,HNL,152,153,0,0,1,49.01,63.01,NA,NA,90.01
1998,4,ITO,OGG,75,75,0,0,0,47,57,NA,NA,NA
1998,4,ITO,KOA,3,16,0,0,0,30,26,NA,NA,NA
1998,4,ITO,LIH,40,35,0,0,0,42.01,46.01,NA,NA,NA
1999,1,HNL,OGG,310,416,0,0,31,53,68,NA,NA,75
1999,1,HNL,KOA,204,352,0,0,2,53,79.01,NA,NA,184.5
1999,1,HNL,LIH,249,275,0,0,0,53,67.5,NA,NA,NA
1999,1,HNL,ITO,174,206,0,0,0,58.74,68,NA,NA,NA
1999,1,OGG,HNL,312,404,0,0,39,53.25,62.5,NA,NA,74
1999,1,OGG,KOA,96,157,0,0,0,46,61,NA,NA,NA
1999,1,OGG,LIH,106,192,0,0,0,60.495,69.99,NA,NA,NA
1999,1,OGG,ITO,68,70,0,0,0,43,59.5,NA,NA,NA
1999,1,KOA,HNL,238,356,0,0,1,58.865,74.445,NA,NA,215.49
1999,1,KOA,OGG,78,117,0,0,0,50.5,62,NA,NA,NA
1999,1,KOA,LIH,58,65,0,0,0,47.25,72,NA,NA,NA
1999,1,KOA,ITO,5,0,0,0,0,39,NA,NA,NA,NA
1999,1,LIH,HNL,253,264,0,0,0,52,70.5,NA,NA,NA
1999,1,LIH,OGG,93,222,0,0,0,51.01,69,NA,NA,NA
1999,1,LIH,KOA,70,70,0,0,0,39,81.495,NA,NA,NA
1999,1,LIH,ITO,37,18,0,0,0,38.99,59.99,NA,NA,NA
1999,1,ITO,HNL,147,192,0,0,0,58.99,64,NA,NA,NA
1999,1,ITO,OGG,82,71,0,0,0,47,60,NA,NA,NA
1999,1,ITO,KOA,2,1,0,0,0,34,3,NA,NA,NA
1999,1,ITO,LIH,42,34,0,0,0,38,47,NA,NA,NA
1999,2,HNL,OGG,280,304,0,0,18,53,68,NA,NA,74
1999,2,HNL,KOA,213,238,0,0,0,50.01,62.5,NA,NA,NA
1999,2,HNL,LIH,260,256,0,0,0,48,58.69,NA,NA,NA
1999,2,HNL,ITO,240,153,0,0,1,49.51,61,NA,NA,93.01
1999,2,OGG,HNL,315,252,0,0,23,51,66.955,NA,NA,74
1999,2,OGG,KOA,123,146,0,0,0,48,60,NA,NA,NA
1999,2,OGG,LIH,149,244,0,0,0,55.99,70.5,NA,NA,NA
1999,2,OGG,ITO,95,87,0,0,0,45.5,47,NA,NA,NA
1999,2,KOA,HNL,242,284,0,0,2,52.51,62.5,NA,NA,107.18
1999,2,KOA,OGG,73,108,0,0,0,50.5,61,NA,NA,NA
1999,2,KOA,LIH,64,60,0,0,0,51,60,NA,NA,NA
1999,2,KOA,ITO,4,1,0,0,0,29.75,30,NA,NA,NA
1999,2,LIH,HNL,273,271,0,0,3,51,62,NA,NA,75.83
1999,2,LIH,OGG,152,221,0,0,0,50.755,70.5,NA,NA,NA
1999,2,LIH,KOA,82,64,0,0,0,45,72.25,NA,NA,NA
1999,2,LIH,ITO,65,32,0,0,0,40.99,64.01,NA,NA,NA
1999,2,ITO,HNL,241,136,0,0,0,49.51,60.5,NA,NA,NA
1999,2,ITO,OGG,90,75,0,0,0,44,60,NA,NA,NA
1999,2,ITO,KOA,3,6,0,0,0,39,29.5,NA,NA,NA
1999,2,ITO,LIH,50,31,0,0,0,45,62.01,NA,NA,NA
1999,3,HNL,OGG,275,413,0,0,14,58.5,70.5,NA,NA,70.75
1999,3,HNL,KOA,211,339,0,0,3,53,64,NA,NA,172.01
1999,3,HNL,LIH,206,332,0,0,0,55.5,60,NA,NA,NA
1999,3,HNL,ITO,182,202,0,0,0,54.99,61,NA,NA,NA
1999,3,OGG,HNL,252,379,0,1,26,57.5,66,NA,78,73.75
1999,3,OGG,KOA,126,186,0,0,0,53.5,63,NA,NA,NA
1999,3,OGG,LIH,124,276,0,0,0,58.75,73.01,NA,NA,NA
1999,3,OGG,ITO,74,81,0,0,0,45.25,62,NA,NA,NA
1999,3,KOA,HNL,204,365,0,0,2,58.51,64,NA,NA,137.505
1999,3,KOA,OGG,76,133,0,0,0,51,64,NA,NA,NA
1999,3,KOA,LIH,71,96,0,0,0,46,71.245,NA,NA,NA
1999,3,KOA,ITO,0,0,0,0,0,NA,NA,NA,NA,NA
1999,3,LIH,HNL,214,342,0,0,4,55,60,NA,NA,180
1999,3,LIH,OGG,112,255,0,0,0,50.5,71.51,NA,NA,NA
1999,3,LIH,KOA,43,92,0,0,1,46.99,72.01,NA,NA,186
1999,3,LIH,ITO,58,45,0,0,0,46.01,64.01,NA,NA,NA
1999,3,ITO,HNL,167,180,0,0,0,53.5,61,NA,NA,NA
1999,3,ITO,OGG,72,88,0,0,0,48,62,NA,NA,NA
1999,3,ITO,KOA,4,1,0,0,0,41,26,NA,NA,NA
1999,3,ITO,LIH,53,22,0,0,0,42.99,69.99,NA,NA,NA
1999,4,HNL,OGG,311,486,0,1,55,60,68.5,NA,60,73.5
1999,4,HNL,KOA,275,421,0,0,0,56.01,63,NA,NA,NA
1999,4,HNL,LIH,305,380,0,0,0,61,65,NA,NA,NA
1999,4,HNL,ITO,180,206,0,0,0,53.255,64.99,NA,NA,NA
1999,4,OGG,HNL,327,486,0,2,45,60.5,64.5,NA,78.5,73.5
1999,4,OGG,KOA,95,182,0,0,0,49,66,NA,NA,NA
1999,4,OGG,LIH,110,255,0,0,0,56.74,73,NA,NA,NA
1999,4,OGG,ITO,58,99,0,0,0,49.505,62,NA,NA,NA
1999,4,KOA,HNL,292,421,0,0,0,62.01,63,NA,NA,NA
1999,4,KOA,OGG,88,126,0,0,0,51.25,72,NA,NA,NA
1999,4,KOA,LIH,65,67,0,0,0,43.01,75.51,NA,NA,NA
1999,4,KOA,ITO,1,0,0,0,0,32,NA,NA,NA,NA
1999,4,LIH,HNL,237,384,0,0,1,56.5,64.42,NA,NA,84
1999,4,LIH,OGG,159,249,0,0,0,51.99,73.51,NA,NA,NA
1999,4,LIH,KOA,67,87,0,0,0,46,75.51,NA,NA,NA
1999,4,LIH,ITO,52,41,0,0,0,41.99,47,NA,NA,NA
1999,4,ITO,HNL,154,208,0,0,1,53.255,64.99,NA,NA,187.99
1999,4,ITO,OGG,79,83,0,0,0,49.01,53,NA,NA,NA
1999,4,ITO,KOA,0,3,0,0,0,NA,43,NA,NA,NA
1999,4,ITO,LIH,74,33,0,0,0,39.99,49,NA,NA,NA
2000,1,HNL,OGG,379,575,0,0,43,78,70.5,NA,NA,74
2000,1,HNL,KOA,300,547,0,0,0,65.495,70.51,NA,NA,NA
2000,1,HNL,LIH,309,432,0,0,0,61,62,NA,NA,NA
2000,1,HNL,ITO,157,230,0,0,0,51.99,61,NA,NA,NA
2000,1,OGG,HNL,400,539,0,1,44,78,69,NA,73.5,74
2000,1,OGG,KOA,125,214,0,0,0,47,68,NA,NA,NA
2000,1,OGG,LIH,132,240,0,0,0,55.81,76.42,NA,NA,NA
2000,1,OGG,ITO,77,74,0,0,0,49.01,65.005,NA,NA,NA
2000,1,KOA,HNL,311,553,0,0,2,65.99,69,NA,NA,142
2000,1,KOA,OGG,137,199,0,0,1,51,69,NA,NA,100
2000,1,KOA,LIH,61,109,0,0,0,46.99,75.99,NA,NA,NA
2000,1,KOA,ITO,0,15,0,0,0,NA,30,NA,NA,NA
2000,1,LIH,HNL,347,482,0,0,0,57,64,NA,NA,NA
2000,1,LIH,OGG,91,225,0,0,0,51.99,74.5,NA,NA,NA
2000,1,LIH,KOA,70,110,0,0,0,46.99,78.195,NA,NA,NA
2000,1,LIH,ITO,37,45,0,0,0,38.99,49,NA,NA,NA
2000,1,ITO,HNL,174,202,0,0,0,51.74,61,NA,NA,NA
2000,1,ITO,OGG,114,79,0,0,0,44,63.2,NA,NA,NA
2000,1,ITO,KOA,1,9,0,0,0,39,30,NA,NA,NA
2000,1,ITO,LIH,66,27,0,0,0,40.495,42.99,NA,NA,NA
2000,2,HNL,OGG,360,460,0,0,20,64.5,66,NA,NA,77
2000,2,HNL,KOA,292,383,0,0,1,67.015,71,NA,NA,93.51
2000,2,HNL,LIH,328,444,0,0,0,65.5,59,NA,NA,NA
2000,2,HNL,ITO,164,217,0,0,0,53.01,54,NA,NA,NA
2000,2,OGG,HNL,395,462,0,1,30,62,66,NA,63.5,92.75
2000,2,OGG,KOA,132,183,0,0,1,47,68,NA,NA,100
2000,2,OGG,LIH,107,267,0,0,0,51.99,76.5,NA,NA,NA
2000,2,OGG,ITO,41,90,0,0,0,49.5,65.5,NA,NA,NA
2000,2,KOA,HNL,320,425,0,1,0,65,71.99,NA,3.5,NA
2000,2,KOA,OGG,91,146,0,0,1,55,69,NA,NA,93
2000,2,KOA,LIH,93,97,0,0,0,46.99,79,NA,NA,NA
2000,2,KOA,ITO,1,14,0,0,0,25,33,NA,NA,NA
2000,2,LIH,HNL,326,405,0,0,1,64.5,62,NA,NA,200.01
2000,2,LIH,OGG,118,267,0,0,0,55,77.75,NA,NA,NA
2000,2,LIH,KOA,73,75,0,0,0,50.01,73.09,NA,NA,NA
2000,2,LIH,ITO,82,17,0,0,0,46.01,72,NA,NA,NA
2000,2,ITO,HNL,171,205,0,0,0,50,54,NA,NA,NA
2000,2,ITO,OGG,45,97,0,0,0,52.01,55.65,NA,NA,NA
2000,2,ITO,KOA,27,10,0,0,0,39,33,NA,NA,NA
2000,2,ITO,LIH,70,39,0,0,0,42.01,45,NA,NA,NA
2000,3,HNL,OGG,556,466,0,0,26,68.25,71,NA,NA,98.25
2000,3,HNL,KOA,483,398,0,1,1,63,70.51,NA,65.5,199.99
2000,3,HNL,LIH,503,443,0,0,0,63.5,67.5,NA,NA,NA
2000,3,HNL,ITO,307,247,0,0,0,54.99,67.5,NA,NA,NA
2000,3,OGG,HNL,563,474,0,1,26,65,69,NA,76.5,97.25
2000,3,OGG,KOA,203,162,0,0,0,54,66,NA,NA,NA
2000,3,OGG,LIH,228,333,0,0,0,55,69.99,NA,NA,NA
2000,3,OGG,ITO,176,118,0,0,0,49.1,66.01,NA,NA,NA
2000,3,KOA,HNL,541,404,0,1,2,64.51,71.745,NA,71.99,107.25
2000,3,KOA,OGG,182,132,0,0,0,59.5,67.5,NA,NA,NA
2000,3,KOA,LIH,106,77,0,0,0,49.01,69.99,NA,NA,NA
2000,3,KOA,ITO,2,10,0,0,0,27,33,NA,NA,NA
2000,3,LIH,HNL,497,433,0,0,0,63,67,NA,NA,NA
2000,3,LIH,OGG,181,316,0,0,0,53,70.47,NA,NA,NA
2000,3,LIH,KOA,155,79,0,0,0,50.01,69.51,NA,NA,NA
2000,3,LIH,ITO,114,25,0,0,0,50.5,4.99,NA,NA,NA
2000,3,ITO,HNL,311,235,0,0,1,54.5,67.5,NA,NA,100.99
2000,3,ITO,OGG,197,95,0,0,0,49.01,58,NA,NA,NA
2000,3,ITO,KOA,25,9,0,0,0,36,33,NA,NA,NA
2000,3,ITO,LIH,103,42,0,0,0,47,45,NA,NA,NA
2000,4,HNL,OGG,482,525,0,0,11,68,68,NA,NA,125
2000,4,HNL,KOA,422,387,0,0,2,66.99,70,NA,NA,138.505
2000,4,HNL,LIH,400,368,0,0,1,59,58.5,NA,NA,90.5
2000,4,HNL,ITO,268,230,0,0,0,63.75,66.755,NA,NA,NA
2000,4,OGG,HNL,460,517,0,1,17,67.5,64.5,NA,69,115
2000,4,OGG,KOA,188,135,0,0,0,50.02,52.5,NA,NA,NA
2000,4,OGG,LIH,196,257,0,0,0,69.495,69,NA,NA,NA
2000,4,OGG,ITO,99,90,0,0,0,49.01,56,NA,NA,NA
2000,4,KOA,HNL,452,390,0,0,2,65.99,71.745,NA,NA,91.5
2000,4,KOA,OGG,169,116,0,0,0,54,67.25,NA,NA,NA
2000,4,KOA,LIH,64,87,0,0,0,56.5,73.01,NA,NA,NA
2000,4,KOA,ITO,2,11,0,0,0,35.5,36,NA,NA,NA
2000,4,LIH,HNL,418,370,0,0,1,60,61.5,NA,NA,90.5
2000,4,LIH,OGG,183,270,0,0,0,61.79,69.99,NA,NA,NA
2000,4,LIH,KOA,98,72,0,0,0,53.99,72.765,NA,NA,NA
2000,4,LIH,ITO,65,34,0,0,0,54,51.5,NA,NA,NA
2000,4,ITO,HNL,278,213,0,0,1,58.99,67,NA,NA,100.01
2000,4,ITO,OGG,105,103,0,0,0,46.5,68.99,NA,NA,NA
2000,4,ITO,KOA,8,12,0,0,0,47,36,NA,NA,NA
2000,4,ITO,LIH,85,34,0,0,0,49,74.98,NA,NA,NA
2001,1,HNL,OGG,509,423,0,0,37,70,69.5,NA,NA,57.5
2001,1,HNL,KOA,421,433,0,0,0,68.01,65.99,NA,NA,NA
2001,1,HNL,LIH,366,305,0,0,1,63.5,57.5,NA,NA,107
2001,1,HNL,ITO,263,210,0,0,0,58,67,NA,NA,NA
2001,1,OGG,HNL,438,421,0,2,34,66.5,68,NA,78.5,52.5
2001,1,OGG,KOA,172,166,0,0,0,52.735,67.975,NA,NA,NA
2001,1,OGG,LIH,224,206,0,0,1,64.67,71.99,NA,NA,154.01
2001,1,OGG,ITO,149,62,0,0,0,56,57.5,NA,NA,NA
2001,1,KOA,HNL,439,445,0,0,2,69.17,68.5,NA,NA,111.24
2001,1,KOA,OGG,150,150,0,0,0,59.5,71,NA,NA,NA
2001,1,KOA,LIH,94,93,0,0,0,54.01,72.01,NA,NA,NA
2001,1,KOA,ITO,0,21,0,0,0,NA,36.5,NA,NA,NA
2001,1,LIH,HNL,351,326,0,0,1,62.5,61.75,NA,NA,144.99
2001,1,LIH,OGG,163,205,0,0,1,61,69.99,NA,NA,143.99
2001,1,LIH,KOA,47,97,0,0,1,64.99,76.99,NA,NA,157.01
2001,1,LIH,ITO,59,38,0,0,0,56,60.01,NA,NA,NA
2001,1,ITO,HNL,260,217,0,0,0,58,64.5,NA,NA,NA
2001,1,ITO,OGG,143,57,0,0,0,54.5,56,NA,NA,NA
2001,1,ITO,KOA,3,15,0,0,0,47,36.5,NA,NA,NA
2001,1,ITO,LIH,57,33,0,0,0,55.01,58.99,NA,NA,NA
2001,2,HNL,OGG,555,407,0,0,29,60.5,66.5,NA,NA,53
2001,2,HNL,KOA,634,339,0,0,10,54.745,62.5,NA,NA,50.01
2001,2,HNL,LIH,744,336,0,0,4,54,54,NA,NA,50
2001,2,HNL,ITO,343,188,0,0,3,60.5,63.005,NA,NA,61.5
2001,2,OGG,HNL,480,387,0,2,59,59.25,57.5,NA,71.5,52.5
2001,2,OGG,KOA,168,174,0,0,0,51.43,65,NA,NA,NA
2001,2,OGG,LIH,190,255,0,0,1,67,69.99,NA,NA,154.01
2001,2,OGG,ITO,133,70,0,0,0,52.01,53,NA,NA,NA
2001,2,KOA,HNL,557,349,0,0,126,59.5,63.49,NA,NA,44.995
2001,2,KOA,OGG,123,150,0,0,2,54,67.5,NA,NA,63.5
2001,2,KOA,LIH,63,97,0,0,0,56.01,73.01,NA,NA,NA
2001,2,KOA,ITO,0,19,0,0,0,NA,36.5,NA,NA,NA
2001,2,LIH,HNL,546,333,0,0,190,56.5,57,NA,NA,44
2001,2,LIH,OGG,113,270,0,0,3,61,69.99,NA,NA,62.46
2001,2,LIH,KOA,72,87,0,0,0,56.01,73.01,NA,NA,NA
2001,2,LIH,ITO,83,34,0,0,1,55.01,56,NA,NA,61.15
2001,2,ITO,HNL,310,180,0,0,23,62.51,63.005,NA,NA,46.5
2001,2,ITO,OGG,98,78,0,0,0,52.75,56,NA,NA,NA
2001,2,ITO,KOA,12,12,0,0,0,38,36.5,NA,NA,NA
2001,2,ITO,LIH,51,42,0,0,0,56,58.005,NA,NA,NA
2001,3,HNL,OGG,697,265,0,0,7,63.5,67,NA,NA,64.5
2001,3,HNL,KOA,562,286,0,0,0,63.49,64.14,NA,NA,NA
2001,3,HNL,LIH,566,309,0,0,0,62.5,57,NA,NA,NA
2001,3,HNL,ITO,361,169,0,0,0,62.51,64.99,NA,NA,NA
2001,3,OGG,HNL,626,268,0,0,16,62,63,NA,NA,52.75
2001,3,OGG,KOA,200,122,0,0,0,54,63.895,NA,NA,NA
2001,3,OGG,LIH,202,250,0,0,2,69.05,67.99,NA,NA,130.49
2001,3,OGG,ITO,126,77,0,0,0,52.5,56,NA,NA,NA
2001,3,KOA,HNL,614,335,0,0,1,64,67.5,NA,NA,108
2001,3,KOA,OGG,169,127,0,0,0,62,65,NA,NA,NA
2001,3,KOA,LIH,99,106,0,0,0,56.01,66.01,NA,NA,NA
2001,3,KOA,ITO,0,8,0,0,0,NA,36.5,NA,NA,NA
2001,3,LIH,HNL,568,337,0,0,0,62,58,NA,NA,NA
2001,3,LIH,OGG,127,222,0,0,0,68.2,68.6,NA,NA,NA
2001,3,LIH,KOA,88,92,0,0,0,64.99,69.99,NA,NA,NA
2001,3,LIH,ITO,64,40,0,0,0,56.99,49,NA,NA,NA
2001,3,ITO,HNL,372,160,0,0,0,65.24,64.245,NA,NA,NA
2001,3,ITO,OGG,127,69,0,0,0,52.5,56.37,NA,NA,NA
2001,3,ITO,KOA,1,19,0,0,0,57,36,NA,NA,NA
2001,3,ITO,LIH,37,26,0,0,0,55.01,56,NA,NA,NA
2001,4,HNL,OGG,672,389,0,0,4,65.5,63,NA,NA,61.25
2001,4,HNL,KOA,563,368,0,0,0,65.5,61.57,NA,NA,NA
2001,4,HNL,LIH,554,332,0,0,0,65.75,62.5,NA,NA,NA
2001,4,HNL,ITO,342,187,0,0,0,58.49,57,NA,NA,NA
2001,4,OGG,HNL,630,392,0,1,5,65.5,63,NA,54,52.5
2001,4,OGG,KOA,153,1,0,0,0,57.68,86,NA,NA,NA
2001,4,OGG,LIH,197,244,0,0,1,71.1,70.44,NA,NA,243.01
2001,4,OGG,ITO,131,0,0,0,0,52.5,NA,NA,NA,NA
2001,4,KOA,HNL,546,368,0,0,1,65.5,61.5,NA,NA,133
2001,4,KOA,OGG,126,1,0,0,0,67,77,NA,NA,NA
2001,4,KOA,LIH,58,112,0,0,0,64.99,69.99,NA,NA,NA
2001,4,KOA,ITO,0,0,0,0,0,NA,NA,NA,NA,NA
2001,4,LIH,HNL,560,341,0,0,0,64.5,63.5,NA,NA,NA
2001,4,LIH,OGG,121,240,0,0,0,75,70.975,NA,NA,NA
2001,4,LIH,KOA,34,89,0,0,0,75.99,69,NA,NA,NA
2001,4,LIH,ITO,43,35,0,0,0,54,60.01,NA,NA,NA
2001,4,ITO,HNL,304,141,0,0,1,58.49,58.49,NA,NA,151.01
2001,4,ITO,OGG,126,15,0,0,0,52.5,74.01,NA,NA,NA
2001,4,ITO,KOA,0,0,0,0,0,NA,NA,NA,NA,NA
2001,4,ITO,LIH,32,41,0,0,0,56.495,60.99,NA,NA,NA
2002,1,HNL,OGG,786,505,0,0,14,70,60,NA,NA,53
2002,1,HNL,KOA,610,503,0,0,2,67.365,59.99,NA,NA,155.005
2002,1,HNL,LIH,624,406,0,0,0,64.5,56,NA,NA,NA
2002,1,HNL,ITO,388,273,0,0,1,66.01,57.5,NA,NA,157
2002,1,OGG,HNL,793,497,0,1,5,70,60,NA,74.5,54
2002,1,OGG,KOA,286,8,0,0,0,62.945,59.03,NA,NA,NA
2002,1,OGG,LIH,269,271,0,0,0,65.99,73,NA,NA,NA
2002,1,OGG,ITO,208,0,0,0,0,61,NA,NA,NA,NA
2002,1,KOA,HNL,661,509,0,0,0,70,60.99,NA,NA,NA
2002,1,KOA,OGG,177,3,0,0,0,74,65,NA,NA,NA
2002,1,KOA,LIH,104,90,0,0,1,57.995,73.01,NA,NA,134.99
2002,1,KOA,ITO,0,0,0,0,0,NA,NA,NA,NA,NA
2002,1,LIH,HNL,562,382,0,0,0,65.5,57,NA,NA,NA
2002,1,LIH,OGG,208,256,0,0,0,67.545,72.44,NA,NA,NA
2002,1,LIH,KOA,28,94,0,0,0,67.99,66.245,NA,NA,NA
2002,1,LIH,ITO,48,40,0,0,0,56,56,NA,NA,NA
2002,1,ITO,HNL,352,261,0,0,1,64.99,58,NA,NA,153.99
2002,1,ITO,OGG,199,11,0,0,0,66.01,77.01,NA,NA,NA
2002,1,ITO,KOA,0,0,0,0,0,NA,NA,NA,NA,NA
2002,1,ITO,LIH,55,45,0,0,0,56,55.01,NA,NA,NA
2002,2,HNL,OGG,774,468,0,1,6,69.5,66,NA,22.68,62.5
2002,2,HNL,KOA,675,436,0,0,2,71,65.99,NA,NA,148.01
2002,2,HNL,LIH,536,346,0,0,0,69,62,NA,NA,NA
2002,2,HNL,ITO,441,261,0,0,0,68.49,64.5,NA,NA,NA
2002,2,OGG,HNL,724,438,0,3,9,67,66,NA,78.5,56
2002,2,OGG,KOA,197,123,0,0,0,54.9,57,NA,NA,NA
2002,2,OGG,LIH,169,327,0,0,0,73.99,75.75,NA,NA,NA
2002,2,OGG,ITO,181,50,0,0,0,65,6,NA,NA,NA
2002,2,KOA,HNL,675,466,0,0,1,70,65.99,NA,NA,135
2002,2,KOA,OGG,146,86,0,0,0,66,75.25,NA,NA,NA
2002,2,KOA,LIH,76,124,0,0,0,62.505,73.01,NA,NA,NA
2002,2,KOA,ITO,0,12,0,0,0,NA,35,NA,NA,NA
2002,2,LIH,HNL,518,338,0,0,0,69,60.5,NA,NA,NA
2002,2,LIH,OGG,128,341,0,0,0,65.395,73.99,NA,NA,NA
2002,2,LIH,KOA,75,125,0,0,0,66.99,76.99,NA,NA,NA
2002,2,LIH,ITO,85,32,0,0,0,55.01,56.495,NA,NA,NA
2002,2,ITO,HNL,388,253,0,0,1,67,64,NA,NA,148
2002,2,ITO,OGG,180,40,0,0,0,67,57,NA,NA,NA
2002,2,ITO,KOA,0,0,0,0,0,NA,NA,NA,NA,NA
2002,2,ITO,LIH,53,33,0,0,0,58,56.99,NA,NA,NA
2002,3,HNL,OGG,681,459,0,0,0,69.5,71,NA,NA,NA
2002,3,HNL,KOA,527,373,0,0,0,67.74,71.5,NA,NA,NA
2002,3,HNL,LIH,479,324,0,0,0,71,69.5,NA,NA,NA
2002,3,HNL,ITO,429,260,0,0,0,64.99,71.25,NA,NA,NA
2002,3,OGG,HNL,614,389,0,0,5,70.75,71,NA,NA,56.5
2002,3,OGG,KOA,174,129,0,0,1,65.5,58.03,NA,NA,83.5
2002,3,OGG,LIH,203,283,0,0,0,71.99,76.25,NA,NA,NA
2002,3,OGG,ITO,166,44,0,0,0,67.51,50,NA,NA,NA
2002,3,KOA,HNL,546,442,0,0,0,67.5,71.99,NA,NA,NA
2002,3,KOA,OGG,150,147,0,0,0,65.5,77,NA,NA,NA
2002,3,KOA,LIH,69,143,0,0,0,69,70.02,NA,NA,NA
2002,3,KOA,ITO,0,8,0,0,0,NA,34,NA,NA,NA
2002,3,LIH,HNL,476,326,0,0,0,71.5,69.5,NA,NA,NA
2002,3,LIH,OGG,147,300,0,0,0,72.5,75,NA,NA,NA
2002,3,LIH,KOA,113,141,0,0,0,60.79,70.02,NA,NA,NA
2002,3,LIH,ITO,69,62,0,0,0,55.01,58,NA,NA,NA
2002,3,ITO,HNL,436,229,0,0,0,67.25,73.5,NA,NA,NA
2002,3,ITO,OGG,224,44,0,0,0,66.01,48.965,NA,NA,NA
2002,3,ITO,KOA,0,8,0,0,0,NA,35,NA,NA,NA
2002,3,ITO,LIH,104,44,0,0,0,53.01,56.99,NA,NA,NA
2002,4,HNL,OGG,733,440,0,3,3,74.5,72.5,NA,77,74.5
2002,4,HNL,KOA,640,459,0,0,0,68,71,NA,NA,NA
2002,4,HNL,LIH,596,357,0,0,0,70,69,NA,NA,NA
2002,4,HNL,ITO,399,354,0,0,0,67,68.99,NA,NA,NA
2002,4,OGG,HNL,668,423,0,3,7,72,70.5,NA,74,71
2002,4,OGG,KOA,172,142,0,0,0,62,63.5,NA,NA,NA
2002,4,OGG,LIH,157,287,0,0,0,67.99,73.99,NA,NA,NA
2002,4,OGG,ITO,116,3,0,0,0,60.5,8,NA,NA,NA
2002,4,KOA,HNL,641,512,0,0,1,69.5,71,NA,NA,155
2002,4,KOA,OGG,181,132,0,0,0,65,75,NA,NA,NA
2002,4,KOA,LIH,79,120,0,0,1,66.01,68.01,NA,NA,151.01
2002,4,KOA,ITO,9,0,0,0,0,62,NA,NA,NA,NA
2002,4,LIH,HNL,557,404,0,0,0,68,69,NA,NA,NA
2002,4,LIH,OGG,114,246,0,0,0,70.72,73.87,NA,NA,NA
2002,4,LIH,KOA,53,111,0,0,0,87,70.38,NA,NA,NA
2002,4,LIH,ITO,66,59,0,0,0,53.01,56.99,NA,NA,NA
2002,4,ITO,HNL,364,323,0,0,0,68.99,71,NA,NA,NA
2002,4,ITO,OGG,156,45,0,0,0,60,66.01,NA,NA,NA
2002,4,ITO,KOA,6,8,0,0,0,2,35,NA,NA,NA
2002,4,ITO,LIH,40,51,0,0,0,55.01,58,NA,NA,NA
2003,1,HNL,OGG,691,573,0,5,4,69.5,69.5,NA,69.5,84.75
2003,1,HNL,KOA,619,541,0,0,0,69,73.01,NA,NA,NA
2003,1,HNL,LIH,463,422,0,0,0,71.5,70.5,NA,NA,NA
2003,1,HNL,ITO,437,412,0,0,0,69.51,64.99,NA,NA,NA
2003,1,OGG,HNL,682,544,0,8,5,69.5,68.5,NA,72.25,65.5
2003,1,OGG,KOA,223,206,0,0,0,68,66,NA,NA,NA
2003,1,OGG,LIH,161,351,0,0,1,81,72.5,NA,NA,118.01
2003,1,OGG,ITO,0,0,0,0,0,NA,NA,NA,NA,NA
2003,1,KOA,HNL,649,601,0,0,0,69.5,72.5,NA,NA,NA
2003,1,KOA,OGG,192,184,0,0,0,78,66,NA,NA,NA
2003,1,KOA,LIH,112,179,0,0,0,81,67.01,NA,NA,NA
2003,1,KOA,ITO,2,0,0,0,0,64,NA,NA,NA,NA
2003,1,LIH,HNL,432,474,0,0,0,70.75,70.5,NA,NA,NA
2003,1,LIH,OGG,70,326,0,0,0,87,71.99,NA,NA,NA
2003,1,LIH,KOA,69,187,0,0,0,85.99,69.01,NA,NA,NA
2003,1,LIH,ITO,65,79,0,0,0,62.01,69.01,NA,NA,NA
2003,1,ITO,HNL,356,353,0,0,0,70.01,67.5,NA,NA,NA
2003,1,ITO,OGG,49,54,0,0,0,85,71.98,NA,NA,NA
2003,1,ITO,KOA,0,0,0,0,0,NA,NA,NA,NA,NA
2003,1,ITO,LIH,23,82,0,0,0,85.99,69.01,NA,NA,NA
2003,2,HNL,OGG,797,567,0,5,3,67.5,69.5,NA,57,66
2003,2,HNL,KOA,731,528,0,0,1,73.01,71.5,NA,NA,155.02
2003,2,HNL,LIH,663,454,0,0,0,68.5,72,NA,NA,NA
2003,2,HNL,ITO,586,403,0,0,0,68.245,71.5,NA,NA,NA
2003,2,OGG,HNL,856,534,0,7,7,66,68.5,NA,80,65.5
2003,2,OGG,KOA,248,201,0,0,0,79.5,68,NA,NA,NA
2003,2,OGG,LIH,220,452,0,0,0,85,77,NA,NA,NA
2003,2,OGG,ITO,21,8,0,0,0,58,57,NA,NA,NA
2003,2,KOA,HNL,728,576,0,0,0,73.01,69.99,NA,NA,NA
2003,2,KOA,OGG,179,152,0,0,0,83.5,69,NA,NA,NA
2003,2,KOA,LIH,131,180,0,0,1,86,72.01,NA,NA,16.99
2003,2,KOA,ITO,0,1,0,0,0,NA,63,NA,NA,NA
2003,2,LIH,HNL,621,476,0,0,1,70,72,NA,NA,171.99
2003,2,LIH,OGG,266,453,0,0,1,85,73,NA,NA,52.99
2003,2,LIH,KOA,111,194,0,0,0,81.01,73.01,NA,NA,NA
2003,2,LIH,ITO,60,72,0,0,0,76,71.725,NA,NA,NA
2003,2,ITO,HNL,466,390,0,0,0,70.89,71.99,NA,NA,NA
2003,2,ITO,OGG,114,84,0,0,0,79.755,74.005,NA,NA,NA
2003,2,ITO,KOA,0,0,0,0,0,NA,NA,NA,NA,NA
2003,2,ITO,LIH,52,41,0,0,0,65,83,NA,NA,NA
2003,3,HNL,OGG,710,507,0,7,3,72,74,NA,78.5,142
2003,3,HNL,KOA,601,488,0,0,3,72.5,74.51,NA,NA,158.01
2003,3,HNL,LIH,523,431,0,0,1,70,70,NA,NA,2.5
2003,3,HNL,ITO,515,382,0,0,0,71.99,70.5,NA,NA,NA
2003,3,OGG,HNL,662,537,0,16,14,67.5,71,NA,79.25,66.5
2003,3,OGG,KOA,248,238,0,0,0,79.25,69,NA,NA,NA
2003,3,OGG,LIH,283,497,0,0,1,87,79.99,NA,NA,81.99
2003,3,OGG,ITO,0,2,0,0,1,NA,75,NA,NA,49.91
2003,3,KOA,HNL,614,594,0,0,2,79.75,78.755,NA,NA,155.5
2003,3,KOA,OGG,220,236,0,0,0,85.5,73,NA,NA,NA
2003,3,KOA,LIH,140,212,0,0,1,85.995,75.76,NA,NA,161.99
2003,3,KOA,ITO,0,0,0,0,0,NA,NA,NA,NA,NA
2003,3,LIH,HNL,550,432,0,0,1,70,71.5,NA,NA,2.5
2003,3,LIH,OGG,248,473,0,0,0,85,77.51,NA,NA,NA
2003,3,LIH,KOA,104,240,0,0,0,86.515,75.655,NA,NA,NA
2003,3,LIH,ITO,62,87,0,0,0,68.005,74.98,NA,NA,NA
2003,3,ITO,HNL,466,313,0,0,0,71.5,74,NA,NA,NA
2003,3,ITO,OGG,61,56,0,0,0,85,74.99,NA,NA,NA
2003,3,ITO,KOA,0,0,0,0,0,NA,NA,NA,NA,NA
2003,3,ITO,LIH,61,109,0,0,0,78.99,74,NA,NA,NA
2003,4,HNL,OGG,837,600,0,10,1,85,80,NA,80.25,66.5
2003,4,HNL,KOA,794,661,0,0,1,81.5,80.99,NA,NA,199
2003,4,HNL,LIH,684,519,0,0,0,74,76,NA,NA,NA
2003,4,HNL,ITO,561,492,0,0,0,75.49,77.24,NA,NA,NA
2003,4,OGG,HNL,874,661,0,14,6,78.5,76.5,NA,81.25,67.5
2003,4,OGG,KOA,237,253,0,0,0,79.5,77,NA,NA,NA
2003,4,OGG,LIH,228,320,0,0,1,92.75,80.75,NA,NA,75
2003,4,OGG,ITO,3,12,0,0,0,60,68,NA,NA,NA
2003,4,KOA,HNL,794,684,0,0,0,83,81.245,NA,NA,NA
2003,4,KOA,OGG,202,220,0,0,0,88.5,78,NA,NA,NA
2003,4,KOA,LIH,63,158,0,0,0,88.89,77.495,NA,NA,NA
2003,4,KOA,ITO,0,0,0,0,0,NA,NA,NA,NA,NA
2003,4,LIH,HNL,647,537,0,0,0,75,76,NA,NA,NA
2003,4,LIH,OGG,197,332,0,0,1,89.71,80.245,NA,NA,114.01
2003,4,LIH,KOA,51,162,0,0,0,89.99,80,NA,NA,NA
2003,4,LIH,ITO,45,127,0,0,0,94,76,NA,NA,NA
2003,4,ITO,HNL,497,436,0,0,0,77,78.49,NA,NA,NA
2003,4,ITO,OGG,38,74,0,0,0,88.495,92.005,NA,NA,NA
2003,4,ITO,KOA,0,0,0,0,0,NA,NA,NA,NA,NA
2003,4,ITO,LIH,35,117,0,0,0,98.99,74.98,NA,NA,NA
2004,1,HNL,OGG,939,811,0,10,4,86.5,82,NA,80.75,70.25
2004,1,HNL,KOA,787,740,0,0,0,83.5,82.45,NA,NA,NA
2004,1,HNL,LIH,638,621,0,0,0,78.25,75.5,NA,NA,NA
2004,1,HNL,ITO,591,597,0,0,0,78.99,80.01,NA,NA,NA
2004,1,OGG,HNL,846,804,0,12,9,83,78,NA,85.5,70
2004,1,OGG,KOA,222,339,0,0,0,75,74,NA,NA,NA
2004,1,OGG,LIH,250,462,0,0,0,97,82.99,NA,NA,NA
2004,1,OGG,ITO,0,10,0,0,0,NA,40,NA,NA,NA
2004,1,KOA,HNL,878,816,0,0,0,86.99,80.99,NA,NA,NA
2004,1,KOA,OGG,174,287,0,0,0,92.5,79,NA,NA,NA
2004,1,KOA,LIH,81,252,0,0,2,89.99,85.745,NA,NA,154.01
2004,1,KOA,ITO,9,0,0,0,0,60,NA,NA,NA,NA
2004,1,LIH,HNL,632,612,0,0,0,77.5,78,NA,NA,NA
2004,1,LIH,OGG,210,507,0,0,0,97,85,NA,NA,NA
2004,1,LIH,KOA,64,232,0,0,0,96.99,80,NA,NA,NA
2004,1,LIH,ITO,50,135,0,0,0,92,76,NA,NA,NA
2004,1,ITO,HNL,496,489,0,0,0,81,84.5,NA,NA,NA
2004,1,ITO,OGG,66,135,0,0,0,91.99,82,NA,NA,NA
2004,1,ITO,KOA,0,0,0,0,0,NA,NA,NA,NA,NA
2004,1,ITO,LIH,34,138,0,0,0,92,77.5,NA,NA,NA
2004,2,HNL,OGG,1007,909,0,11,27,88.5,90,NA,60.5,140
2004,2,HNL,KOA,911,895,0,43,7,89.99,91.49,NA,85.49,138
2004,2,HNL,LIH,743,684,0,0,0,80.5,87.5,NA,NA,NA
2004,2,HNL,ITO,672,833,0,0,0,94,92.28,NA,NA,NA
2004,2,OGG,HNL,1015,977,0,14,4,85.5,82,NA,84.5,68.5
2004,2,OGG,KOA,268,159,0,18,0,83,76.5,NA,52.03,NA
2004,2,OGG,LIH,278,450,0,0,2,101,84.75,NA,NA,135.51
2004,2,OGG,ITO,0,1,0,0,0,NA,45,NA,NA,NA
2004,2,KOA,HNL,975,939,0,48,8,94,91.49,NA,85.49,157.01
2004,2,KOA,OGG,190,150,0,6,0,93,76.5,NA,76.5,NA
2004,2,KOA,LIH,73,183,0,0,2,104.01,81.99,NA,NA,99.005
2004,2,KOA,ITO,1,0,0,0,0,88.5,NA,NA,NA,NA
2004,2,LIH,HNL,716,726,0,0,0,82,86.5,NA,NA,NA
2004,2,LIH,OGG,214,438,0,0,1,99.83,87,NA,NA,123.98
2004,2,LIH,KOA,68,228,0,0,1,104.01,79.75,NA,NA,81.99
2004,2,LIH,ITO,47,131,0,0,0,96.99,80.99,NA,NA,NA
2004,2,ITO,HNL,595,682,0,0,1,94.5,95.49,NA,NA,84
2004,2,ITO,OGG,66,112,0,0,1,105.99,90,NA,NA,47.4
2004,2,ITO,KOA,0,0,0,0,1,NA,NA,NA,NA,88.5
2004,2,ITO,LIH,34,127,0,0,0,96.99,80.01,NA,NA,NA
2004,3,HNL,OGG,728,764,0,7,39,80,80,NA,71.5,146.99
2004,3,HNL,KOA,743,727,0,30,20,89,86,NA,89,138
2004,3,HNL,LIH,550,556,0,0,0,83.75,80,NA,NA,NA
2004,3,HNL,ITO,521,521,0,1,2,89.51,78.49,NA,114.5,143.505
2004,3,OGG,HNL,791,758,0,19,3,78,75.25,NA,81.5,77
2004,3,OGG,KOA,209,10,0,8,9,92,63.32,NA,64.95,70
2004,3,OGG,LIH,278,535,0,1,0,102.01,91.99,NA,94.5,NA
2004,3,OGG,ITO,0,5,0,0,0,NA,45,NA,NA,NA
2004,3,KOA,HNL,846,724,0,44,9,89.745,86.99,NA,87.995,143
2004,3,KOA,OGG,219,15,0,0,0,99,67,NA,NA,NA
2004,3,KOA,LIH,119,250,0,0,0,107.01,87,NA,NA,NA
2004,3,KOA,ITO,2,0,0,0,0,99,NA,NA,NA,NA
2004,3,LIH,HNL,585,600,0,0,0,80,80,NA,NA,NA
2004,3,LIH,OGG,172,516,0,0,3,101.505,93,NA,NA,145.01
2004,3,LIH,KOA,78,247,0,0,3,110.49,85.01,NA,NA,185.99
2004,3,LIH,ITO,41,98,0,0,0,103.99,87,NA,NA,NA
2004,3,ITO,HNL,479,443,0,6,1,89.51,80.01,NA,92.505,171.01
2004,3,ITO,OGG,47,83,0,1,1,96,82,NA,42.36,56.37
2004,3,ITO,KOA,0,0,0,0,0,NA,NA,NA,NA,NA
2004,3,ITO,LIH,44,115,0,0,0,103.99,87,NA,NA,NA
2004,4,HNL,OGG,643,578,0,13,22,88,76.5,NA,87.5,137.505
2004,4,HNL,KOA,689,656,0,7,7,93.01,80,NA,94.51,133
2004,4,HNL,LIH,515,525,0,5,0,87,80,NA,86,NA
2004,4,HNL,ITO,539,521,0,6,0,88,78.49,NA,99.75,NA
2004,4,OGG,HNL,730,591,0,35,5,81,73.5,NA,81.5,78
2004,4,OGG,KOA,163,0,0,0,8,86,NA,NA,NA,69
2004,4,OGG,LIH,223,280,0,3,1,97.99,92.295,NA,75.59,219.01
2004,4,OGG,ITO,0,0,0,0,0,NA,NA,NA,NA,NA
2004,4,KOA,HNL,683,640,0,29,2,96.07,83,NA,90.5,184.99
2004,4,KOA,OGG,176,0,0,0,0,91,NA,NA,NA,NA
2004,4,KOA,LIH,91,216,0,0,0,103.99,86.5,NA,NA,NA
2004,4,KOA,ITO,0,0,0,0,0,NA,NA,NA,NA,NA
2004,4,LIH,HNL,508,467,0,20,0,82,78.5,NA,87.5,NA
2004,4,LIH,OGG,134,275,0,6,2,102.01,91.51,NA,93.005,123.01
2004,4,LIH,KOA,60,187,0,0,0,100.5,86,NA,NA,NA
2004,4,LIH,ITO,40,66,0,0,0,92,87,NA,NA,NA
2004,4,ITO,HNL,451,427,0,13,0,93.51,82.49,NA,83.51,NA
2004,4,ITO,OGG,30,74,0,3,0,96,83.5,NA,63.91,NA
2004,4,ITO,KOA,0,0,0,0,0,NA,NA,NA,NA,NA
2004,4,ITO,LIH,34,57,0,0,2,98.5,87,NA,NA,256.005
2005,1,HNL,OGG,700,618,0,9,76,82.5,76.5,NA,80,74.5
2005,1,HNL,KOA,724,728,0,1,10,95,90.5,NA,122.01,170.495
2005,1,HNL,LIH,588,548,0,9,0,88.5,77.5,NA,87.5,NA
2005,1,HNL,ITO,487,535,0,2,1,94.5,82.49,NA,78.255,176
2005,1,OGG,HNL,736,598,0,25,49,78.5,75,NA,92,64.5
2005,1,OGG,KOA,213,2,0,2,2,86.5,31.25,NA,95.61,61.75
2005,1,OGG,LIH,221,393,0,3,0,93.99,81.51,NA,83.99,NA
2005,1,OGG,ITO,0,0,0,1,0,NA,NA,NA,66.43,NA
2005,1,KOA,HNL,842,728,0,8,1,94.51,91.49,NA,89,154.01
2005,1,KOA,OGG,163,1,0,0,0,94.5,50.5,NA,NA,NA
2005,1,KOA,LIH,73,280,0,0,0,94,90,NA,NA,NA
2005,1,KOA,ITO,0,0,0,0,0,NA,NA,NA,NA,NA
2005,1,LIH,HNL,643,565,0,14,0,87.5,78,NA,87.5,NA
2005,1,LIH,OGG,76,393,0,20,0,93.99,88.19,NA,95.51,NA
2005,1,LIH,KOA,70,220,0,0,1,96.99,89.245,NA,NA,5.01
2005,1,LIH,ITO,54,82,0,0,1,96.99,92,NA,NA,231.01
2005,1,ITO,HNL,414,495,0,15,0,97.01,83.51,NA,97.5,NA
2005,1,ITO,OGG,66,94,0,2,0,95.005,85,NA,52.425,NA
2005,1,ITO,KOA,0,0,0,0,0,NA,NA,NA,NA,NA
2005,1,ITO,LIH,44,91,0,0,2,92,87,NA,NA,177
2005,2,HNL,OGG,632,589,0,8,19,82.5,81,NA,92,179
2005,2,HNL,KOA,646,573,0,1,8,88,82.01,NA,94,173
2005,2,HNL,LIH,565,535,0,8,0,88,78,NA,79,NA
2005,2,HNL,ITO,462,433,0,0,0,90.01,80.01,NA,NA,NA
2005,2,OGG,HNL,671,632,0,15,5,75,77.5,NA,88,60
2005,2,OGG,KOA,152,1,0,0,2,89.1,6,NA,NA,69.66
2005,2,OGG,LIH,209,386,0,3,1,93.99,82.4,NA,135.12,145.98
2005,2,OGG,ITO,0,1,0,0,0,NA,6,NA,NA,NA
2005,2,KOA,HNL,652,540,0,5,0,89.5,82.49,NA,87.5,NA
2005,2,KOA,OGG,110,1,0,1,0,93.5,6,NA,81.5,NA
2005,2,KOA,LIH,73,223,0,0,0,107.01,82,NA,NA,NA
2005,2,KOA,ITO,0,1,0,0,0,NA,54,NA,NA,NA
2005,2,LIH,HNL,601,524,0,17,0,84,79.5,NA,81.5,NA
2005,2,LIH,OGG,149,363,0,29,3,105,87,NA,114.29,178.01
2005,2,LIH,KOA,77,232,0,1,2,98,82,NA,103.99,195.495
2005,2,LIH,ITO,40,80,0,0,0,92,79.755,NA,NA,NA
2005,2,ITO,HNL,479,386,0,10,0,94,82.49,NA,89.25,NA
2005,2,ITO,OGG,118,45,0,4,0,88,94.99,NA,64.805,NA
2005,2,ITO,KOA,0,0,0,0,0,NA,NA,NA,NA,NA
2005,2,ITO,LIH,48,107,0,0,0,98.01,79.5,NA,NA,NA
2005,3,HNL,OGG,691,650,0,6,19,98,82.5,NA,91.25,183
2005,3,HNL,KOA,675,687,0,1,6,105.49,86.99,NA,111.49,185.5
2005,3,HNL,LIH,542,607,0,6,0,99.25,80.5,NA,81.5,NA
2005,3,HNL,ITO,476,555,0,1,0,91.61,85,NA,85,NA
2005,3,OGG,HNL,729,640,0,19,2,84,79.75,NA,89,68.5
2005,3,OGG,KOA,227,1,0,0,13,89,133,NA,NA,84
2005,3,OGG,LIH,228,434,0,11,0,106.24,87,NA,114.01,NA
2005,3,OGG,ITO,5,1,0,0,0,74,93,NA,NA,NA
2005,3,KOA,HNL,690,691,0,11,0,105.49,86.99,NA,93.5,NA
2005,3,KOA,OGG,203,0,0,0,0,93,NA,NA,NA,NA
2005,3,KOA,LIH,90,293,0,0,0,104.5,88,NA,NA,NA
2005,3,KOA,ITO,0,0,0,0,0,NA,NA,NA,NA,NA
2005,3,LIH,HNL,570,580,0,11,1,90.75,83,NA,83.5,160
2005,3,LIH,OGG,168,464,0,29,5,105,89.99,NA,113,205.01
2005,3,LIH,KOA,78,302,0,0,0,104.01,86,NA,NA,NA
2005,3,LIH,ITO,59,120,0,0,1,98.01,82.01,NA,NA,176
2005,3,ITO,HNL,432,463,0,4,0,99.49,87,NA,99.5,NA
2005,3,ITO,OGG,127,59,0,3,0,89,91.99,NA,63.91,NA
2005,3,ITO,KOA,0,0,0,0,0,NA,NA,NA,NA,NA
2005,3,ITO,LIH,43,116,0,0,0,103.99,84.745,NA,NA,NA
2005,4,HNL,OGG,655,541,0,7,90,89.5,82.5,NA,67.5,67.5
2005,4,HNL,KOA,598,660,0,2,7,95.5,88,NA,100.75,176
2005,4,HNL,LIH,456,449,0,2,0,94.25,82.5,NA,93,NA
2005,4,HNL,ITO,410,483,0,1,0,91,87,NA,93.51,NA
2005,4,OGG,HNL,682,546,0,30,42,87.25,81.5,NA,59.5,68.25
2005,4,OGG,KOA,158,1,0,0,25,91.5,45,NA,NA,79
2005,4,OGG,LIH,199,308,0,3,0,104.01,84.5,NA,127.08,NA
2005,4,OGG,ITO,0,0,0,0,0,NA,NA,NA,NA,NA
2005,4,KOA,HNL,627,692,0,2,0,95.5,86.99,NA,79.005,NA
2005,4,KOA,OGG,142,2,0,5,0,93,103.75,NA,74.5,NA
2005,4,KOA,LIH,50,153,0,1,0,103.005,82,NA,132.74,NA
2005,4,KOA,ITO,0,0,0,0,0,NA,NA,NA,NA,NA
2005,4,LIH,HNL,493,448,0,6,0,87.5,87,NA,90,NA
2005,4,LIH,OGG,156,318,0,23,0,97.99,84.5,NA,104.98,NA
2005,4,LIH,KOA,51,159,0,1,0,104.01,82,NA,88,NA
2005,4,LIH,ITO,30,62,0,0,0,109.01,82.01,NA,NA,NA
2005,4,ITO,HNL,401,433,0,2,0,97.5,88,NA,89.255,NA
2005,4,ITO,OGG,56,44,0,1,0,94.5,77.01,NA,62.84,NA
2005,4,ITO,KOA,0,0,0,0,0,NA,NA,NA,NA,NA
2005,4,ITO,LIH,21,93,0,0,1,98.01,82.01,NA,NA,174
2006,1,HNL,OGG,708,493,0,5,73,94,81.5,NA,72.5,72.5
2006,1,HNL,KOA,584,555,0,0,9,95.505,88.49,NA,NA,190
2006,1,HNL,LIH,498,474,0,7,0,93.75,87.25,NA,89.51,NA
2006,1,HNL,ITO,397,492,0,1,3,90.01,86.51,NA,90.01,189.99
2006,1,OGG,HNL,741,516,0,25,35,89.5,81,NA,72.5,70
2006,1,OGG,KOA,171,1,0,0,11,91.5,69.38,NA,NA,74.5
2006,1,OGG,LIH,152,327,0,2,0,101,87,NA,133.31,NA
2006,1,OGG,ITO,0,0,0,0,0,NA,NA,NA,NA,NA
2006,1,KOA,HNL,650,600,0,0,1,96.535,88,NA,NA,206.99
2006,1,KOA,OGG,154,1,0,8,0,103,72,NA,69.75,NA
2006,1,KOA,LIH,40,102,0,0,0,121.505,96.99,NA,NA,NA
2006,1,KOA,ITO,0,0,0,0,0,NA,NA,NA,NA,NA
2006,1,LIH,HNL,561,449,0,13,0,95,89,NA,87,NA
2006,1,LIH,OGG,121,337,0,13,0,94.5,93.51,NA,97,NA
2006,1,LIH,KOA,59,104,0,0,2,100.01,85.99,NA,NA,217.99
2006,1,LIH,ITO,36,45,0,0,0,101.505,78.01,NA,NA,NA
2006,1,ITO,HNL,349,432,0,0,0,92.49,88,NA,NA,NA
2006,1,ITO,OGG,76,45,0,1,0,94.01,82,NA,68.22,NA
2006,1,ITO,KOA,0,0,0,0,0,NA,NA,NA,NA,NA
2006,1,ITO,LIH,53,52,0,0,0,107.01,76.99,NA,NA,NA
2006,2,HNL,OGG,699,622,121,12,12,89,74.07,58.5,61.5,161.995
2006,2,HNL,KOA,600,565,168,3,9,91,77,58.505,86.99,190
2006,2,HNL,LIH,569,593,127,9,0,85.5,75.83,53,86.5,NA
2006,2,HNL,ITO,469,504,36,1,0,84.5,78.6,46.25,77,NA
2006,2,OGG,HNL,744,642,107,17,1,86,73,58.5,80,75
2006,2,OGG,KOA,169,0,3,1,22,93,NA,87,61.89,85
2006,2,OGG,LIH,132,224,7,5,0,102.01,95,87,122.41,NA
2006,2,OGG,ITO,0,0,1,2,0,NA,NA,87,79.065,NA
2006,2,KOA,HNL,683,581,176,7,1,96.01,77,54.51,80,229
2006,2,KOA,OGG,117,0,5,5,0,95,NA,87,76.5,NA
2006,2,KOA,LIH,58,69,0,0,0,98,96.99,NA,NA,NA
2006,2,KOA,ITO,1,0,0,0,0,66,NA,NA,NA,NA
2006,2,LIH,HNL,607,558,129,8,0,81.5,75.665,49.5,54,NA
2006,2,LIH,OGG,113,229,6,19,0,97.99,95.99,87,96.5,NA
2006,2,LIH,KOA,47,84,0,0,0,98,93,NA,NA,NA
2006,2,LIH,ITO,41,47,0,0,0,107.99,89.99,NA,NA,NA
2006,2,ITO,HNL,486,495,35,10,0,81.99,85,44.5,73.01,NA
2006,2,ITO,OGG,62,44,0,2,0,93.25,103,NA,74.865,NA
2006,2,ITO,KOA,0,0,0,0,0,NA,NA,NA,NA,NA
2006,2,ITO,LIH,33,36,0,0,0,98.01,98.99,NA,NA,NA
2006,3,HNL,OGG,764,678,0,8,11,79,68,NA,57.75,166.01
2006,3,HNL,KOA,824,658,2,2,6,83,74,50.505,65.5,185.995
2006,3,HNL,LIH,626,539,0,13,0,74.25,69.5,NA,57.5,NA
2006,3,HNL,ITO,549,486,0,2,0,75,73.5,NA,72.76,NA
2006,3,OGG,HNL,721,663,0,22,0,75,65,NA,58.5,NA
2006,3,OGG,KOA,145,66,0,0,13,88,64.25,NA,NA,80
2006,3,OGG,LIH,97,371,0,5,0,89,79,NA,85.61,NA
2006,3,OGG,ITO,0,0,0,2,0,NA,NA,NA,79,NA
2006,3,KOA,HNL,862,671,0,14,1,83,73.01,NA,63.745,134.01
2006,3,KOA,OGG,112,79,0,6,0,108,65,NA,87.5,NA
2006,3,KOA,LIH,55,69,0,1,0,100.01,70.01,NA,68.01,NA
2006,3,KOA,ITO,0,0,0,0,0,NA,NA,NA,NA,NA
2006,3,LIH,HNL,667,531,3,16,0,74.15,69.5,44.5,58.75,NA
2006,3,LIH,OGG,95,358,0,16,1,104.98,81,NA,99.99,277.01
2006,3,LIH,KOA,43,103,0,0,0,111.99,82.11,NA,NA,NA
2006,3,LIH,ITO,29,47,0,0,0,98.01,69.99,NA,NA,NA
2006,3,ITO,HNL,543,459,0,6,0,74,76.01,NA,66.245,NA
2006,3,ITO,OGG,91,54,0,1,0,91,80.01,NA,38.05,NA
2006,3,ITO,KOA,0,0,0,0,0,NA,NA,NA,NA,NA
2006,3,ITO,LIH,25,56,0,0,0,98.01,69.99,NA,NA,NA
2006,4,HNL,OGG,820,726,211,6,28,70.25,58.5,56,63.75,45
2006,4,HNL,KOA,799,654,194,1,10,69.99,61.425,53.01,50.5,152.51
2006,4,HNL,LIH,603,547,92,1,0,68,59.5,47.5,51,NA
2006,4,HNL,ITO,563,496,141,0,0,67.67,64.38,54.99,NA,NA
2006,4,OGG,HNL,806,747,196,8,26,68,55,57,55.25,45
2006,4,OGG,KOA,151,143,36,3,24,83.5,73,87,97.5,85
2006,4,OGG,LIH,94,376,39,3,0,92,79,85,81.06,NA
2006,4,OGG,ITO,3,0,28,1,0,83.5,NA,67,106.5,NA
2006,4,KOA,HNL,813,654,179,6,1,70.5,62.01,53.01,60.995,123.01
2006,4,KOA,OGG,116,151,48,4,0,83.5,74,87,61.25,NA
2006,4,KOA,LIH,30,134,43,1,1,108.99,70.5,73.51,71.01,194.99
2006,4,KOA,ITO,0,0,0,0,0,NA,NA,NA,NA,NA
2006,4,LIH,HNL,681,531,91,8,0,63.5,60,41,40.25,NA
2006,4,LIH,OGG,67,401,44,19,0,88.38,81,86,70.44,NA
2006,4,LIH,KOA,30,128,43,2,1,104.5,75.97,71.01,98.165,182.01
2006,4,LIH,ITO,35,46,16,0,0,98.01,74,76,NA,NA
2006,4,ITO,HNL,536,456,134,2,0,69.49,65.49,54.99,62.75,NA
2006,4,ITO,OGG,63,29,28,0,0,73,77.01,73.75,NA,NA
2006,4,ITO,KOA,0,0,0,0,0,NA,NA,NA,NA,NA
2006,4,ITO,LIH,37,35,13,0,1,87,76.99,74,NA,60.99
2007,1,HNL,OGG,654,674,177,1,21,74.25,68,58,38.5,45
2007,1,HNL,KOA,766,623,147,0,8,66,69.63,58,NA,103.5
2007,1,HNL,LIH,530,439,132,0,0,67.75,54.5,49.25,NA,NA
2007,1,HNL,ITO,437,402,151,0,1,61,65.62,54.99,NA,125
2007,1,OGG,HNL,768,636,182,7,18,72.75,64,58,52.5,45
2007,1,OGG,KOA,152,147,55,3,19,68,71.5,75,98,77
2007,1,OGG,LIH,48,361,42,2,0,81.99,79,87,79.55,NA
2007,1,OGG,ITO,80,0,25,2,0,65,NA,87,79.5,NA
2007,1,KOA,HNL,804,680,159,0,6,71,75,58,NA,91.5
2007,1,KOA,OGG,109,110,66,12,0,73.5,78.25,74.5,80.75,NA
2007,1,KOA,LIH,46,131,61,0,0,88.99,75.01,84,NA,NA
2007,1,KOA,ITO,0,0,0,0,0,NA,NA,NA,NA,NA
2007,1,LIH,HNL,552,418,159,3,0,67.25,59.5,50.5,69,NA
2007,1,LIH,OGG,107,411,41,11,0,81.99,80.5,73.99,75.08,NA
2007,1,LIH,KOA,60,121,49,0,0,89.99,70.01,87,NA,NA
2007,1,LIH,ITO,53,45,22,0,2,89.01,96.99,76.99,NA,91.505
2007,1,ITO,HNL,428,335,161,8,0,66.51,68,54.5,51.495,NA
2007,1,ITO,OGG,112,44,27,1,0,71.5,52.01,87,84.49,NA
2007,1,ITO,KOA,7,0,0,0,0,68,NA,NA,NA,NA
2007,1,ITO,LIH,40,20,12,0,0,84.02,76.99,74,NA,NA
2007,2,HNL,OGG,649,574,158,6,2,61,69,46.5,52.25,143
2007,2,HNL,KOA,572,545,166,0,1,60.99,68,45,NA,130
2007,2,HNL,LIH,495,363,123,0,0,61.5,66,53.5,NA,NA
2007,2,HNL,ITO,422,313,142,0,0,61,71.99,44.99,NA,NA
2007,2,OGG,HNL,724,538,178,21,3,60,59.5,44.5,43.5,45
2007,2,OGG,KOA,152,119,22,3,7,67.25,54.5,74,91,82.5
2007,2,OGG,LIH,61,432,43,2,0,97,83.99,77,95.69,NA
2007,2,OGG,ITO,142,2,16,0,0,62,71.25,74,NA,NA
2007,2,KOA,HNL,649,567,162,1,1,60.99,69.99,45,36.01,161.99
2007,2,KOA,OGG,135,84,36,6,0,71.5,84.5,74,85,NA
2007,2,KOA,LIH,53,161,31,0,0,79,82,94,NA,NA
2007,2,KOA,ITO,0,0,0,0,0,NA,NA,NA,NA,NA
2007,2,LIH,HNL,480,407,144,0,1,64.505,64.01,50.75,NA,165.01
2007,2,LIH,OGG,128,374,31,6,1,89,83.99,93.99,87.51,227.01
2007,2,LIH,KOA,68,146,43,0,0,84.01,76.125,85.11,NA,NA
2007,2,LIH,ITO,45,54,22,0,0,89.01,76.99,75.495,NA,NA
2007,2,ITO,HNL,391,296,131,13,0,66.01,74.5,44,43.5,NA
2007,2,ITO,OGG,188,49,25,4,1,65,97.99,74,71.25,85
2007,2,ITO,KOA,19,0,0,0,0,44,NA,NA,NA,NA
2007,2,ITO,LIH,47,40,15,0,0,78.99,76.99,94,NA,NA
2007,3,HNL,OGG,729,740,134,2,4,64,56.5,43.5,56.5,119.5
2007,3,HNL,KOA,687,649,121,0,3,66,59.5,38,NA,143
2007,3,HNL,LIH,558,553,105,0,0,64.01,56.7,43.5,NA,NA
2007,3,HNL,ITO,423,406,116,1,1,66.31,45.49,33.155,43.5,78
2007,3,OGG,HNL,766,646,140,16,0,61.25,48,41.5,43.5,NA
2007,3,OGG,KOA,205,161,10,0,6,62,71.5,126.75,NA,75
2007,3,OGG,LIH,84,476,24,3,0,83.99,86.29,93.99,102.01,NA
2007,3,OGG,ITO,167,0,4,0,0,52.01,NA,96.75,NA,NA
2007,3,KOA,HNL,715,674,107,0,1,67.55,60,43.5,NA,104
2007,3,KOA,OGG,177,111,14,2,2,62,90,105,79.75,65
2007,3,KOA,LIH,67,187,31,0,0,81.99,85,96.99,NA,NA
2007,3,KOA,ITO,0,0,0,1,0,NA,NA,NA,49,NA
2007,3,LIH,HNL,563,548,118,0,0,65,59.19,40.25,NA,NA
2007,3,LIH,OGG,155,436,25,8,0,83.99,85.61,93.99,82.395,NA
2007,3,LIH,KOA,90,175,25,2,2,84.01,87,94,105.49,144.5
2007,3,LIH,ITO,56,31,14,0,0,91.995,87,95.495,NA,NA
2007,3,ITO,HNL,354,363,109,12,0,63.01,46.5,33.5,44,NA
2007,3,ITO,OGG,199,42,14,9,0,62,82,97.01,59.24,NA
2007,3,ITO,KOA,19,0,0,0,0,52,NA,NA,NA,NA
2007,3,ITO,LIH,53,54,20,0,0,89.01,89.99,95.495,NA,NA
2007,4,HNL,OGG,697,622,132,2,1,67,52.25,54.25,53.25,119.99
2007,4,HNL,KOA,647,566,91,1,1,66.99,60,60.11,55.5,89.99
2007,4,HNL,LIH,521,535,65,0,0,63.5,55.7,43,NA,NA
2007,4,HNL,ITO,446,408,129,0,1,64,64.99,58,NA,113.99
2007,4,OGG,HNL,675,600,142,7,0,62,48.25,53.5,49,NA
2007,4,OGG,KOA,129,132,17,6,22,74,71.5,105,48.63,90
2007,4,OGG,LIH,66,361,8,3,0,89,85,97,102.01,NA
2007,4,OGG,ITO,107,0,9,1,0,62,NA,94,91,NA
2007,4,KOA,HNL,611,644,106,0,1,66.99,66.5,61.555,NA,175
2007,4,KOA,OGG,146,100,19,2,0,75,79,105,79.75,NA
2007,4,KOA,LIH,40,121,24,0,0,96.99,83,96.99,NA,NA
2007,4,KOA,ITO,0,0,0,0,0,NA,NA,NA,NA,NA
2007,4,LIH,HNL,497,531,68,0,0,69,56.03,63.5,NA,NA
2007,4,LIH,OGG,119,357,11,1,0,93.99,86.38,93.99,83.51,NA
2007,4,LIH,KOA,52,134,23,1,1,86.495,82.5,94,123.5,172
2007,4,LIH,ITO,34,71,5,0,0,96.99,87,94,NA,NA
2007,4,ITO,HNL,414,377,125,2,0,65.24,68,54.5,66.495,NA
2007,4,ITO,OGG,167,31,12,2,0,71,85,95.505,82.42,NA
2007,4,ITO,KOA,10,0,0,0,0,30,NA,NA,NA,NA
2007,4,ITO,LIH,36,33,3,0,0,96.99,85,94,NA,NA
2008,1,HNL,OGG,686,769,124,2,2,72.37,66,61,63,125.5
2008,1,HNL,KOA,660,624,121,0,1,69.5,68.18,65,NA,161.99
2008,1,HNL,LIH,545,505,122,0,0,69,60.5,56.5,NA,NA
2008,1,HNL,ITO,492,406,129,0,0,67.67,65.62,58.49,NA,NA
2008,1,OGG,HNL,743,694,130,6,2,69,63,61,54,116
2008,1,OGG,KOA,170,117,18,0,11,84.5,74,114.5,NA,90
2008,1,OGG,LIH,66,352,14,1,0,98.495,89,115,91,NA
2008,1,OGG,ITO,102,0,8,1,0,85,NA,94,110,NA
2008,1,KOA,HNL,706,705,142,0,1,71.965,69,68,NA,129.5
2008,1,KOA,OGG,173,83,16,1,0,87,86,114.75,102.5,NA
2008,1,KOA,LIH,43,185,9,0,0,99,87,117,NA,NA
2008,1,KOA,ITO,0,1,0,0,0,NA,14,NA,NA,NA
2008,1,LIH,HNL,521,510,131,0,0,72.5,65.05,61,NA,NA
2008,1,LIH,OGG,177,298,12,2,0,95,85,102,84.945,NA
2008,1,LIH,KOA,63,166,19,0,0,98,88.99,107.99,NA,NA
2008,1,LIH,ITO,40,65,12,0,0,74.495,85,96.99,NA,NA
2008,1,ITO,HNL,457,320,152,0,2,69.51,65.49,58,NA,132.74
2008,1,ITO,OGG,129,41,14,3,2,85,90,114.75,95,73.5
2008,1,ITO,KOA,7,0,0,0,0,31,NA,NA,NA,NA
2008,1,ITO,LIH,29,36,8,0,0,100.01,89.01,114.99,NA,NA
2008,2,HNL,OGG,1150,0,300,7,3,94,NA,83.5,88.5,168.01
2008,2,HNL,KOA,1150,0,339,0,0,89.99,NA,91,NA,NA
2008,2,HNL,LIH,914,0,225,3,0,85,NA,86,89,NA
2008,2,HNL,ITO,942,0,316,0,0,90.5,NA,91,NA,NA
2008,2,OGG,HNL,1151,0,291,3,0,86,NA,81,74,NA
2008,2,OGG,KOA,271,0,18,2,38,85,NA,114.5,82.595,105
2008,2,OGG,LIH,134,0,65,8,0,131,NA,137,100.745,NA
2008,2,OGG,ITO,172,0,2,1,0,93,NA,138.495,94.5,NA
2008,2,KOA,HNL,1183,2,334,0,0,95,75.755,91,NA,NA
2008,2,KOA,OGG,275,0,24,7,1,92,NA,125,73,85.5
2008,2,KOA,LIH,120,0,37,0,0,121.505,NA,137.01,NA,NA
2008,2,KOA,ITO,0,0,0,0,0,NA,NA,NA,NA,NA
2008,2,LIH,HNL,899,1,235,2,1,89.51,67.5,83.5,86.5,229.01
2008,2,LIH,OGG,280,0,31,1,1,103,NA,154.99,132.23,152.01
2008,2,LIH,KOA,123,0,32,0,0,121.01,NA,125,NA,NA
2008,2,LIH,ITO,67,0,15,0,0,110,NA,138.01,NA,NA
2008,2,ITO,HNL,912,0,335,0,0,95,NA,93.51,NA,NA
2008,2,ITO,OGG,242,0,16,6,0,97.01,NA,138.995,97.25,NA
2008,2,ITO,KOA,19,0,0,0,0,70,NA,NA,NA,NA
2008,2,ITO,LIH,61,0,19,0,0,121,NA,132.99,NA,NA
2008,3,HNL,OGG,997,0,313,7,3,94.5,NA,82,89,142.99
2008,3,HNL,KOA,1228,0,483,2,5,109.5,NA,97,94.245,133
2008,3,HNL,LIH,957,0,317,17,0,88,NA,86,89,NA
2008,3,HNL,ITO,922,0,481,0,0,97.5,NA,91.99,NA,NA
2008,3,OGG,HNL,1019,0,321,4,0,90.5,NA,82,91.5,NA
2008,3,OGG,KOA,275,0,16,3,64,98,NA,121.25,60.53,74.25
2008,3,OGG,LIH,115,0,56,12,0,121,NA,130.505,113.99,NA
2008,3,OGG,ITO,173,0,8,2,0,98,NA,98,100,NA
2008,3,KOA,HNL,1303,0,512,6,1,103.51,NA,96.5,97.75,147.99
2008,3,KOA,OGG,255,0,28,19,6,110,NA,129.75,73,90.5
2008,3,KOA,LIH,108,0,43,0,0,111.99,NA,131,NA,NA
2008,3,KOA,ITO,0,0,0,0,0,NA,NA,NA,NA,NA
2008,3,LIH,HNL,913,1,314,20,0,94,65,86,90.25,NA
2008,3,LIH,OGG,332,0,33,3,1,118.97,NA,131,102.33,182.99
2008,3,LIH,KOA,110,0,58,0,1,119.99,NA,113.51,NA,243.01
2008,3,LIH,ITO,57,0,27,0,0,110,NA,134.99,NA,NA
2008,3,ITO,HNL,855,0,445,0,0,101,NA,91.99,NA,NA
2008,3,ITO,OGG,221,0,37,5,0,102,NA,102,106,NA
2008,3,ITO,KOA,14,0,0,0,0,70,NA,NA,NA,NA
2008,3,ITO,LIH,57,0,22,0,1,110,NA,134.495,NA,199
2008,4,HNL,OGG,970,0,306,6,1,90.5,NA,82,86.5,204
2008,4,HNL,KOA,1095,0,294,11,0,96.01,NA,82.01,82.01,NA
2008,4,HNL,LIH,814,0,334,12,0,85.5,NA,79.5,77.25,NA
2008,4,HNL,ITO,699,0,286,0,1,93.01,NA,86.51,NA,215.01
2008,4,OGG,HNL,1007,0,328,2,1,89,NA,83.25,89,87
2008,4,OGG,KOA,283,0,20,0,41,90,NA,116.25,NA,85
2008,4,OGG,LIH,114,0,44,4,0,110,NA,126.01,101.585,NA
2008,4,OGG,ITO,185,0,6,0,0,87.5,NA,115,NA,NA
2008,4,KOA,HNL,1127,0,289,4,3,96.01,NA,79.01,100.995,176
2008,4,KOA,OGG,266,0,20,4,4,92.5,NA,119.75,84.75,90.5
2008,4,KOA,LIH,111,0,44,0,1,110,NA,127.5,NA,194.99
2008,4,KOA,ITO,0,0,0,0,0,NA,NA,NA,NA,NA
2008,4,LIH,HNL,794,0,350,10,0,88,NA,81,87.75,NA
2008,4,LIH,OGG,255,0,46,1,0,108.01,NA,135,165.46,NA
2008,4,LIH,KOA,97,0,34,0,0,110,NA,132,NA,NA
2008,4,LIH,ITO,45,0,18,0,0,105.99,NA,132,NA,NA
2008,4,ITO,HNL,697,0,286,0,0,91.99,NA,88.99,NA,NA
2008,4,ITO,OGG,226,0,12,3,0,97.01,NA,115,62.12,NA
2008,4,ITO,KOA,9,0,0,0,0,72,NA,NA,NA,NA
2008,4,ITO,LIH,48,0,22,0,0,105.99,NA,102.01,NA,NA
2009,1,HNL,OGG,893,0,307,4,233,86,NA,70.5,86.25,48
2009,1,HNL,KOA,953,0,186,0,267,84.5,NA,74.51,NA,49.99
2009,1,HNL,LIH,790,0,169,1,181,77.5,NA,69.5,82.5,45.5
2009,1,HNL,ITO,701,0,230,1,0,83.01,NA,71.99,110.01,NA
2009,1,OGG,HNL,965,0,280,4,248,79,NA,70.5,77.75,50
2009,1,OGG,KOA,242,0,11,2,166,87.5,NA,96,103,63.5
2009,1,OGG,LIH,103,0,31,3,102,113,NA,98.5,117,83.99
2009,1,OGG,ITO,167,0,5,1,0,77.5,NA,98,90,NA
2009,1,KOA,HNL,977,0,198,2,306,87,NA,74.51,81.245,52
2009,1,KOA,OGG,249,0,9,2,64,90,NA,96,90.5,64.75
2009,1,KOA,LIH,81,0,21,0,45,110,NA,98.49,NA,95
2009,1,KOA,ITO,0,0,0,0,0,NA,NA,NA,NA,NA
2009,1,LIH,HNL,776,0,167,7,184,79.5,NA,68.5,84,45.75
2009,1,LIH,OGG,206,0,25,1,36,102.01,NA,97.99,119.6,83.99
2009,1,LIH,KOA,105,0,15,0,33,100.01,NA,98.49,NA,95
2009,1,LIH,ITO,62,0,19,0,0,107.99,NA,101,NA,NA
2009,1,ITO,HNL,649,0,228,0,0,88.99,NA,71.99,NA,NA
2009,1,ITO,OGG,224,0,10,6,0,87.5,NA,100.99,87.5,NA
2009,1,ITO,KOA,15,0,0,0,0,67,NA,NA,NA,NA
2009,1,ITO,LIH,57,0,14,0,0,111.01,NA,98.01,NA,NA
2009,2,HNL,OGG,913,0,192,2,330,77,NA,55,75.25,46.25
2009,2,HNL,KOA,901,0,181,0,291,76.01,NA,58.5,NA,46.5
2009,2,HNL,LIH,736,0,200,3,226,70.295,NA,59.5,68,53
2009,2,HNL,ITO,837,0,246,0,165,77.5,NA,67.835,NA,54.5
2009,2,OGG,HNL,932,0,196,2,333,71.5,NA,55,90,46
2009,2,OGG,KOA,271,0,15,1,17,77,NA,99,96,72
2009,2,OGG,LIH,130,0,47,6,48,104.01,NA,97.99,106.395,85.99
2009,2,OGG,ITO,160,0,9,3,20,77.25,NA,98.49,100.5,85.99
2009,2,KOA,HNL,916,0,184,0,313,78.53,NA,58.5,NA,48
2009,2,KOA,OGG,213,0,13,1,14,80,NA,96,176,74.25
2009,2,KOA,LIH,114,0,32,0,52,104.01,NA,101.99,NA,86
2009,2,KOA,ITO,0,0,0,0,0,NA,NA,NA,NA,NA
2009,2,LIH,HNL,709,0,197,3,225,71.5,NA,59.5,82.5,53
2009,2,LIH,OGG,215,0,37,1,43,103,NA,101,122.94,81.99
2009,2,LIH,KOA,90,0,26,0,46,103.01,NA,102.99,NA,83.75
2009,2,LIH,ITO,67,0,17,0,12,107.99,NA,103,NA,94.24
2009,2,ITO,HNL,812,0,228,0,170,78.49,NA,66.26,NA,54.99
2009,2,ITO,OGG,213,0,15,2,21,87.5,NA,98,96.25,85.99
2009,2,ITO,KOA,13,0,0,0,0,67,NA,NA,NA,NA
2009,2,ITO,LIH,85,0,19,0,15,107.99,NA,103,NA,89.49
2009,3,HNL,OGG,841,0,178,4,341,80,NA,53.5,59,95
2009,3,HNL,KOA,974,0,169,0,236,80.51,NA,56.01,NA,91
2009,3,HNL,LIH,792,0,226,3,252,73.75,NA,57.19,55.5,100
2009,3,HNL,ITO,728,0,226,0,205,77.5,NA,59.73,NA,107.01
2009,3,OGG,HNL,907,0,194,9,264,70.5,NA,54,81.5,82
2009,3,OGG,KOA,294,0,9,1,85,90,NA,103,96,96
2009,3,OGG,LIH,115,0,42,17,44,105,NA,106.01,98.5,106.01
2009,3,OGG,ITO,160,0,7,1,18,86.25,NA,103,124.5,101
2009,3,KOA,HNL,1045,0,180,0,191,81.5,NA,57,NA,80
2009,3,KOA,OGG,259,0,8,1,64,92.5,NA,103,97,98.5
2009,3,KOA,LIH,133,0,27,0,55,111.01,NA,110,NA,129
2009,3,KOA,ITO,0,0,0,0,0,NA,NA,NA,NA,NA
2009,3,LIH,HNL,730,0,219,9,198,76.5,NA,55,66,85
2009,3,LIH,OGG,283,0,40,2,26,102.01,NA,103,117.615,101
2009,3,LIH,KOA,119,0,25,0,34,106,NA,107.99,NA,106.49
2009,3,LIH,ITO,77,0,29,0,9,103.99,NA,105,NA,101
2009,3,ITO,HNL,624,0,251,0,181,77.75,NA,56.51,NA,90.01
2009,3,ITO,OGG,227,0,18,2,20,90,NA,103,98.5,160.5
2009,3,ITO,KOA,19,0,0,0,0,72,NA,NA,NA,NA
2009,3,ITO,LIH,62,0,34,0,9,108.995,NA,103,NA,118.01
2009,4,HNL,OGG,850,0,168,10,166,76.25,NA,65,71.5,55
2009,4,HNL,KOA,923,0,258,2,173,90.48,NA,72.52,73,60
2009,4,HNL,LIH,618,0,175,0,172,71,NA,68.5,NA,56.75
2009,4,HNL,ITO,639,0,250,0,128,84.5,NA,78,NA,60
2009,4,OGG,HNL,832,0,200,17,153,74.75,NA,68.5,75.5,57
2009,4,OGG,KOA,294,0,6,1,35,90,NA,121.5,49.99,59
2009,4,OGG,LIH,113,0,23,8,13,108.01,NA,108.01,115.15,101
2009,4,OGG,ITO,162,0,4,0,9,85,NA,105,NA,74.5
2009,4,KOA,HNL,961,0,227,0,166,91,NA,69,NA,59.255
2009,4,KOA,OGG,321,0,12,1,31,92.5,NA,103,103,70
2009,4,KOA,LIH,93,0,38,0,22,115.01,NA,114.01,NA,96.99
2009,4,KOA,ITO,0,0,0,0,0,NA,NA,NA,NA,NA
2009,4,LIH,HNL,601,0,151,0,149,80,NA,68.5,NA,55
2009,4,LIH,OGG,235,0,10,5,11,100.33,NA,114.505,122.94,56.03
2009,4,LIH,KOA,93,0,30,0,11,113,NA,115.01,NA,100.99
2009,4,LIH,ITO,84,0,12,0,3,110,NA,116.99,NA,89.01
2009,4,ITO,HNL,619,0,223,0,98,87,NA,73.5,NA,56.755
2009,4,ITO,OGG,191,0,15,0,8,85.45,NA,115,NA,74.5
2009,4,ITO,KOA,7,0,0,0,0,78,NA,NA,NA,NA
2009,4,ITO,LIH,51,0,19,0,2,114.99,NA,116.99,NA,115.005
2010,1,HNL,OGG,1097,0,168,10,1,94,NA,65,68.5,150
2010,1,HNL,KOA,962,0,258,1,0,92,NA,72.52,105,NA
2010,1,HNL,LIH,798,0,175,11,0,85,NA,68.5,79.5,NA
2010,1,HNL,ITO,737,0,250,0,0,95,NA,78,NA,NA
2010,1,OGG,HNL,1080,0,200,13,0,88.5,NA,68.5,72.5,NA
2010,1,OGG,KOA,340,0,6,1,0,95,NA,121.5,99.5,NA
2010,1,OGG,LIH,115,0,23,6,0,129,NA,108.01,127.5,NA
2010,1,OGG,ITO,191,0,4,0,0,99,NA,105,NA,NA
2010,1,KOA,HNL,1070,0,226,0,1,93.79,NA,68.745,NA,141.99
2010,1,KOA,OGG,309,0,12,0,0,105,NA,103,NA,NA
2010,1,KOA,LIH,135,0,38,0,0,130.01,NA,114.01,NA,NA
2010,1,KOA,ITO,0,0,0,0,0,NA,NA,NA,NA,NA
2010,1,LIH,HNL,730,0,151,20,1,90.745,NA,68.5,74,195
2010,1,LIH,OGG,343,0,10,1,0,110.01,NA,114.505,148.19,NA
2010,1,LIH,KOA,143,0,30,0,0,128,NA,115.01,NA,NA
2010,1,LIH,ITO,86,0,12,0,0,131.985,NA,116.99,NA,NA
2010,1,ITO,HNL,672,0,223,0,0,97.75,NA,73.5,NA,NA
2010,1,ITO,OGG,278,0,15,0,0,107,NA,115,NA,NA
2010,1,ITO,KOA,0,0,0,0,0,NA,NA,NA,NA,NA
2010,1,ITO,LIH,70,0,19,0,0,134.01,NA,116.99,NA,NA
2010,2,HNL,OGG,991,0,226,6,0,92,NA,82,77.75,NA
2010,2,HNL,KOA,996,0,314,0,0,103.51,NA,93.5,NA,NA
2010,2,HNL,LIH,781,0,257,7,0,92.61,NA,82.5,70,NA
2010,2,HNL,ITO,751,0,303,0,0,101.84,NA,81,NA,NA
2010,2,OGG,HNL,935,0,227,2,0,89,NA,76.5,83.75,NA
2010,2,OGG,KOA,247,0,164,1,0,93,NA,124,82.5,NA
2010,2,OGG,LIH,121,0,27,15,0,125,NA,136.01,113,NA
2010,2,OGG,ITO,213,0,8,0,0,99,NA,80.5,NA,NA
2010,2,KOA,HNL,1105,0,312,0,1,103.51,NA,94.755,NA,200.01
2010,2,KOA,OGG,247,0,166,1,0,102,NA,124,102,NA
2010,2,KOA,LIH,132,0,25,1,2,128,NA,129.5,14.7,225.495
2010,2,KOA,ITO,0,0,0,0,0,NA,NA,NA,NA,NA
2010,2,LIH,HNL,775,0,271,24,0,94,NA,85,79.5,NA
2010,2,LIH,OGG,286,0,22,1,0,112.98,NA,119,113.63,NA
2010,2,LIH,KOA,134,0,25,0,0,131.995,NA,156.01,NA,NA
2010,2,LIH,ITO,69,0,12,0,0,128,NA,159,NA,NA
2010,2,ITO,HNL,724,0,269,0,0,105.99,NA,81,NA,NA
2010,2,ITO,OGG,290,0,15,0,0,105,NA,97.99,NA,NA
2010,2,ITO,KOA,0,0,0,0,0,NA,NA,NA,NA,NA
2010,2,ITO,LIH,89,0,7,0,0,134.01,NA,190.99,NA,NA
2010,3,HNL,OGG,1071,0,193,12,1,107,NA,87.5,80.75,218.99
2010,3,HNL,KOA,1295,0,213,0,0,109.08,NA,90.5,NA,NA
2010,3,HNL,LIH,868,0,151,5,0,95.73,NA,87.5,80,NA
2010,3,HNL,ITO,893,0,165,0,0,115,NA,98.5,NA,NA
2010,3,OGG,HNL,1049,0,203,9,0,98.5,NA,86,81.5,NA
2010,3,OGG,KOA,330,0,1,0,0,95.25,NA,87,NA,NA
2010,3,OGG,LIH,130,0,32,16,0,131.505,NA,134.505,124.12,NA
2010,3,OGG,ITO,223,0,0,0,0,99.99,NA,NA,NA,NA
2010,3,KOA,HNL,1324,0,212,0,2,108.49,NA,94,NA,167.005
2010,3,KOA,OGG,346,0,4,0,0,103.25,NA,87,NA,NA
2010,3,KOA,LIH,142,0,23,1,1,136.505,NA,145.01,114.83,208.01
2010,3,KOA,ITO,0,0,0,0,0,NA,NA,NA,NA,NA
2010,3,LIH,HNL,832,0,155,13,1,102.25,NA,87,79.5,175.01
2010,3,LIH,OGG,373,0,19,7,0,126.01,NA,136.01,134.23,NA
2010,3,LIH,KOA,175,0,16,0,0,142.99,NA,156.01,NA,NA
2010,3,LIH,ITO,89,0,11,0,0,143,NA,145.01,NA,NA
2010,3,ITO,HNL,846,0,123,0,0,114,NA,95.49,NA,NA
2010,3,ITO,OGG,330,0,2,0,0,105.465,NA,186,NA,NA
2010,3,ITO,KOA,0,0,0,0,0,NA,NA,NA,NA,NA
2010,3,ITO,LIH,88,0,1,0,0,134.005,NA,145.01,NA,NA
2010,4,HNL,OGG,1082,0,139,17,0,102,NA,93,77,NA
2010,4,HNL,KOA,1187,0,174,0,0,117,NA,96.01,NA,NA
2010,4,HNL,LIH,888,0,132,9,0,93,NA,89.25,85,NA
2010,4,HNL,ITO,866,0,114,0,0,106.51,NA,99.49,NA,NA
2010,4,OGG,HNL,1145,0,134,5,0,96.5,NA,93,79.5,NA
2010,4,OGG,KOA,294,0,7,0,1,105,NA,87,NA,2
2010,4,OGG,LIH,91,0,36,12,1,127,NA,112.01,115.87,229.99
2010,4,OGG,ITO,199,0,0,0,0,106,NA,NA,NA,NA
2010,4,KOA,HNL,1219,0,189,0,1,115.5,NA,96.01,NA,181.99
2010,4,KOA,OGG,303,0,11,1,0,107.5,NA,87,128,NA
2010,4,KOA,LIH,127,0,23,0,1,136,NA,148.99,NA,228
2010,4,KOA,ITO,0,0,0,0,0,NA,NA,NA,NA,NA
2010,4,LIH,HNL,850,0,141,20,3,101,NA,93,79,180.99
2010,4,LIH,OGG,273,0,34,0,0,112.01,NA,112.01,NA,NA
2010,4,LIH,KOA,115,0,19,0,1,132,NA,152,NA,214.99
2010,4,LIH,ITO,78,0,5,0,0,149.01,NA,152,NA,NA
2010,4,ITO,HNL,751,0,114,0,0,107.5,NA,104,NA,NA
2010,4,ITO,OGG,245,0,3,0,0,106,NA,172,NA,NA
2010,4,ITO,KOA,0,0,0,0,0,NA,NA,NA,NA,NA
2010,4,ITO,LIH,59,0,4,0,0,121.98,NA,169,NA,NA
2011,1,HNL,OGG,1120,0,122,10,0,108,NA,95.5,81,NA
2011,1,HNL,KOA,1203,0,175,0,1,116.01,NA,98,NA,175
2011,1,HNL,LIH,972,0,138,22,0,94.5,NA,96.5,83.5,NA
2011,1,HNL,ITO,822,0,109,0,0,105,NA,95.99,NA,NA
2011,1,OGG,HNL,1149,0,121,12,0,105,NA,92.5,86.5,NA
2011,1,OGG,KOA,367,0,4,0,8,107,NA,105,NA,2
2011,1,OGG,LIH,103,0,23,21,0,133,NA,146.01,126.01,NA
2011,1,OGG,ITO,186,0,0,0,0,106,NA,NA,NA,NA
2011,1,KOA,HNL,1226,0,184,0,1,116.755,NA,98,NA,174
2011,1,KOA,OGG,347,0,26,2,0,109,NA,103,103.25,NA
2011,1,KOA,LIH,111,0,22,0,0,153.99,NA,152.99,NA,NA
2011,1,KOA,ITO,0,0,0,0,0,NA,NA,NA,NA,NA
2011,1,LIH,HNL,934,0,127,22,0,100.5,NA,92.5,90,NA
2011,1,LIH,OGG,276,0,20,4,0,124.96,NA,147,149.165,NA
2011,1,LIH,KOA,134,0,23,0,1,141.01,NA,156.01,NA,295
2011,1,LIH,ITO,64,0,5,0,0,152,NA,156.01,NA,NA
2011,1,ITO,HNL,790,0,108,0,0,105,NA,98,NA,NA
2011,1,ITO,OGG,231,0,2,0,0,111.01,NA,154.005,NA,NA
2011,1,ITO,KOA,0,0,0,0,0,NA,NA,NA,NA,NA
2011,1,ITO,LIH,74,0,5,0,0,144.5,NA,152.99,NA,NA
2011,2,HNL,OGG,1051,0,205,10,0,110,NA,90,89.5,NA
2011,2,HNL,KOA,1109,0,143,0,0,108.49,NA,80,NA,NA
2011,2,HNL,LIH,953,0,168,11,0,102.5,NA,88,88.5,NA
2011,2,HNL,ITO,1066,0,161,0,0,107.31,NA,91,NA,NA
2011,2,OGG,HNL,1081,0,184,9,0,108.5,NA,88,95.5,NA
2011,2,OGG,KOA,330,0,0,0,3,101,NA,NA,NA,2
2011,2,OGG,LIH,119,0,15,17,0,143,NA,109,123.5,NA
2011,2,OGG,ITO,304,0,0,0,0,103,NA,NA,NA,NA
2011,2,KOA,HNL,1147,0,135,0,0,108,NA,80,NA,NA
2011,2,KOA,OGG,328,0,8,0,0,105,NA,135,NA,NA
2011,2,KOA,LIH,110,0,18,0,2,145.99,NA,161.01,NA,238.5
2011,2,KOA,ITO,0,0,0,0,0,NA,NA,NA,NA,NA
2011,2,LIH,HNL,971,0,173,18,0,105,NA,90,94.5,NA
2011,2,LIH,OGG,349,0,15,2,0,117.6,NA,156.99,136.22,NA
2011,2,LIH,KOA,152,0,19,0,0,141.01,NA,156.01,NA,NA
2011,2,LIH,ITO,87,0,4,0,0,143.99,NA,162.5,NA,NA
2011,2,ITO,HNL,1016,0,160,0,0,107.01,NA,91.5,NA,NA
2011,2,ITO,OGG,363,0,3,0,0,104,NA,156.01,NA,NA
2011,2,ITO,KOA,0,0,0,0,0,NA,NA,NA,NA,NA
2011,2,ITO,LIH,96,0,0,0,0,136.995,NA,NA,NA,NA
2011,3,HNL,OGG,1180,0,125,10,1,114,NA,80,83.5,286
2011,3,HNL,KOA,1250,0,130,0,0,117,NA,87.5,NA,NA
2011,3,HNL,LIH,975,0,123,12,0,103,NA,87,87,NA
2011,3,HNL,ITO,1034,0,125,0,0,98.5,NA,85,NA,NA
2011,3,OGG,HNL,1186,0,136,12,0,108,NA,80,92,NA
2011,3,OGG,KOA,405,0,7,2,0,103,NA,76,71.76,NA
2011,3,OGG,LIH,167,0,24,18,0,140.01,NA,137,121.505,NA
2011,3,OGG,ITO,300,0,0,0,0,101.49,NA,NA,NA,NA
2011,3,KOA,HNL,1265,0,130,0,3,119.01,NA,85,NA,176
2011,3,KOA,OGG,332,0,9,0,1,105.5,NA,76,NA,89.5
2011,3,KOA,LIH,147,0,28,1,2,141.01,NA,161.01,149.41,251
2011,3,KOA,ITO,0,0,0,0,0,NA,NA,NA,NA,NA
2011,3,LIH,HNL,993,0,138,10,3,103,NA,85,97,183.01
2011,3,LIH,OGG,397,0,9,6,0,128,NA,222,145.285,NA
2011,3,LIH,KOA,171,0,28,0,0,145.99,NA,161.01,NA,NA
2011,3,LIH,ITO,102,0,9,0,0,139.51,NA,166,NA,NA
2011,3,ITO,HNL,983,0,108,0,0,98,NA,81,NA,NA
2011,3,ITO,OGG,384,0,1,0,0,105,NA,164.02,NA,NA
2011,3,ITO,KOA,0,0,0,0,0,NA,NA,NA,NA,NA
2011,3,ITO,LIH,74,0,2,0,0,125.01,NA,167.49,NA,NA
2011,4,HNL,OGG,994,0,133,9,3,111,NA,92.5,98.5,144.99
2011,4,HNL,KOA,1105,0,164,3,0,122.01,NA,92.75,115,NA
2011,4,HNL,LIH,905,0,118,10,0,100.32,NA,86,96,NA
2011,4,HNL,ITO,881,0,85,0,0,103.01,NA,95,NA,NA
2011,4,OGG,HNL,1052,0,128,8,0,105,NA,92.5,96,NA
2011,4,OGG,KOA,304,0,7,0,3,105.5,NA,74.5,NA,2
2011,4,OGG,LIH,95,0,25,11,0,150.99,NA,134,121.4,NA
2011,4,OGG,ITO,231,0,0,0,0,105.5,NA,NA,NA,NA
2011,4,KOA,HNL,1118,0,163,0,0,122.01,NA,80.99,NA,NA
2011,4,KOA,OGG,278,0,9,0,1,107,NA,74.5,NA,86.5
2011,4,KOA,LIH,104,0,17,0,1,145.99,NA,123.01,NA,205
2011,4,KOA,ITO,0,0,0,0,0,NA,NA,NA,NA,NA
2011,4,LIH,HNL,852,0,112,12,2,104,NA,92,91,191.5
2011,4,LIH,OGG,251,0,13,5,0,118.99,NA,154.99,130.03,NA
2011,4,LIH,KOA,121,0,37,0,1,145.01,NA,126.5,NA,215
2011,4,LIH,ITO,57,0,6,0,0,130.98,NA,129,NA,NA
2011,4,ITO,HNL,824,0,85,0,0,104,NA,91.99,NA,NA
2011,4,ITO,OGG,272,0,1,0,0,109,NA,135.99,NA,NA
2011,4,ITO,KOA,0,0,0,0,0,NA,NA,NA,NA,NA
2011,4,ITO,LIH,48,0,8,0,0,153.5,NA,128.505,NA,NA
2012,1,HNL,OGG,1109,0,173,4,2,111,NA,88.5,97.5,171.5
2012,1,HNL,KOA,1027,0,160,3,0,112,NA,93.75,113,NA
2012,1,HNL,LIH,799,0,145,8,0,96,NA,80,90.25,NA
2012,1,HNL,ITO,821,0,116,0,0,104,NA,88.75,NA,NA
2012,1,OGG,HNL,1184,0,183,4,0,109,NA,86,98.5,NA
2012,1,OGG,KOA,348,0,81,1,2,102.5,NA,86,112.5,62.995
2012,1,OGG,LIH,257,0,94,6,0,106,NA,110.75,123.385,NA
2012,1,OGG,ITO,299,0,0,0,0,101,NA,NA,NA,NA
2012,1,KOA,HNL,1086,0,165,0,1,111.5,NA,92,NA,200
2012,1,KOA,OGG,339,0,97,0,0,108,NA,89,NA,NA
2012,1,KOA,LIH,116,0,18,1,1,160,NA,126.5,114.83,213
2012,1,KOA,ITO,0,0,0,0,0,NA,NA,NA,NA,NA
2012,1,LIH,HNL,774,0,149,12,3,101,NA,80,91.5,176
2012,1,LIH,OGG,327,0,62,4,0,111,NA,116,137.98,NA
2012,1,LIH,KOA,116,0,42,0,0,158.5,NA,124,NA,NA
2012,1,LIH,ITO,73,0,5,0,0,136,NA,134,NA,NA
2012,1,ITO,HNL,781,0,105,0,0,104,NA,81,NA,NA
2012,1,ITO,OGG,367,0,3,0,0,105,NA,123,NA,NA
2012,1,ITO,KOA,0,0,0,0,0,NA,NA,NA,NA,NA
2012,1,ITO,LIH,82,0,3,0,0,135,NA,134,NA,NA
2012,2,HNL,OGG,977,0,94,8,1,112,NA,92,95.5,230
2012,2,HNL,KOA,868,0,148,2,0,112.5,NA,89.5,103.5,NA
2012,2,HNL,LIH,776,0,125,9,0,103.5,NA,82.5,87.5,NA
2012,2,HNL,ITO,766,0,109,0,0,113.645,NA,83,NA,NA
2012,2,OGG,HNL,1006,0,86,6,0,109,NA,82.5,93.5,NA
2012,2,OGG,KOA,334,0,37,1,1,87,NA,69,107.5,718
2012,2,OGG,LIH,467,0,70,5,0,105,NA,83,107,NA
2012,2,OGG,ITO,315,0,0,0,0,93,NA,NA,NA,NA
2012,2,KOA,HNL,936,0,129,0,1,111.75,NA,86.5,NA,301
2012,2,KOA,OGG,357,0,28,0,0,105,NA,71,NA,NA
2012,2,KOA,LIH,105,0,4,1,1,151,NA,132.5,136.44,186
2012,2,KOA,ITO,0,0,0,0,0,NA,NA,NA,NA,NA
2012,2,LIH,HNL,777,0,105,7,0,105,NA,88.5,90,NA
2012,2,LIH,OGG,439,0,75,8,0,105.5,NA,90,107.47,NA
2012,2,LIH,KOA,100,0,21,0,1,158.5,NA,121,NA,152
2012,2,LIH,ITO,78,0,11,0,0,127.5,NA,123,NA,NA
2012,2,ITO,HNL,760,0,98,0,0,112,NA,81.5,NA,NA
2012,2,ITO,OGG,386,0,2,0,0,94.75,NA,123,NA,NA
2012,2,ITO,KOA,0,0,0,0,0,NA,NA,NA,NA,NA
2012,2,ITO,LIH,54,0,3,0,0,138,NA,123,NA,NA
2012,3,HNL,OGG,1064,0,235,16,3,115.5,NA,78,91,142
2012,3,HNL,KOA,1209,0,238,1,0,123,NA,87,120,NA
2012,3,HNL,LIH,879,0,233,3,0,110,NA,82.5,90.5,NA
2012,3,HNL,ITO,919,0,183,0,0,111.75,NA,84,NA,NA
2012,3,OGG,HNL,1042,0,239,14,0,113,NA,78,93,NA
2012,3,OGG,KOA,383,0,0,1,0,95,NA,NA,58.83,NA
2012,3,OGG,LIH,515,0,66,10,0,116,NA,100,107,NA
2012,3,OGG,ITO,339,0,0,0,0,89.5,NA,NA,NA,NA
2012,3,KOA,HNL,1251,0,227,0,0,121,NA,84,NA,NA
2012,3,KOA,OGG,364,0,0,1,1,98.5,NA,NA,116,65.56
2012,3,KOA,LIH,230,0,6,0,0,135,NA,144,NA,NA
2012,3,KOA,ITO,0,0,0,0,0,NA,NA,NA,NA,NA
2012,3,LIH,HNL,893,0,214,7,1,111.5,NA,83.5,86.5,166
2012,3,LIH,OGG,537,0,83,3,0,116,NA,100,131,NA
2012,3,LIH,KOA,211,0,24,0,0,140,NA,134,NA,NA
2012,3,LIH,ITO,124,0,5,0,0,138,NA,123,NA,NA
2012,3,ITO,HNL,869,0,176,0,1,109,NA,83,NA,137
2012,3,ITO,OGG,454,0,0,0,0,92,NA,NA,NA,NA
2012,3,ITO,KOA,0,0,0,0,0,NA,NA,NA,NA,NA
2012,3,ITO,LIH,122,0,6,0,0,130,NA,123,NA,NA
2012,4,HNL,OGG,951,0,246,8,0,109.5,NA,80.5,89.75,NA
2012,4,HNL,KOA,1136,0,376,1,0,117,NA,89,122,NA
2012,4,HNL,LIH,892,0,266,5,0,101.75,NA,78,103.5,NA
2012,4,HNL,ITO,902,0,192,0,0,110.25,NA,85,NA,NA
2012,4,OGG,HNL,889,0,230,3,0,108,NA,79,93,NA
2012,4,OGG,KOA,364,0,0,2,2,101,NA,NA,55.77,89.5
2012,4,OGG,LIH,539,0,48,5,0,109,NA,102,121,NA
2012,4,OGG,ITO,413,0,0,0,0,91.5,NA,NA,NA,NA
2012,4,KOA,HNL,1163,0,335,0,0,115,NA,89,NA,NA
2012,4,KOA,OGG,318,0,0,1,0,107,NA,NA,106.5,NA
2012,4,KOA,LIH,217,0,13,0,0,126,NA,149,NA,NA
2012,4,KOA,ITO,0,0,0,0,0,NA,NA,NA,NA,NA
2012,4,LIH,HNL,843,0,250,3,1,102,NA,79,90.5,159
2012,4,LIH,OGG,551,0,60,3,0,110,NA,102,127,NA
2012,4,LIH,KOA,143,0,25,0,0,126,NA,132,NA,NA
2012,4,LIH,ITO,120,0,5,0,0,132,NA,134,NA,NA
2012,4,ITO,HNL,802,0,179,0,0,112.25,NA,84.5,NA,NA
2012,4,ITO,OGG,439,0,1,0,0,93.5,NA,134,NA,NA
2012,4,ITO,KOA,0,0,0,0,0,NA,NA,NA,NA,NA
2012,4,ITO,LIH,103,0,2,0,0,128,NA,128.5,NA,NA
2013,1,HNL,OGG,1093,0,428,2,0,123.5,NA,79,92.75,NA
2013,1,HNL,KOA,1114,0,414,0,3,123.5,NA,89,NA,183
2013,1,HNL,LIH,880,0,335,5,0,113,NA,80,111,NA
2013,1,HNL,ITO,968,0,238,0,0,120,NA,86,NA,NA
2013,1,OGG,HNL,1050,0,420,0,0,123.25,NA,79,NA,NA
2013,1,OGG,KOA,483,0,0,0,0,98.5,NA,NA,NA,NA
2013,1,OGG,LIH,730,0,37,2,0,110,NA,121,106.25,NA
2013,1,OGG,ITO,515,0,0,0,0,93.5,NA,NA,NA,NA
2013,1,KOA,HNL,1152,0,379,0,0,126.5,NA,88,NA,NA
2013,1,KOA,OGG,461,0,0,0,1,103,NA,NA,NA,101.5
2013,1,KOA,LIH,282,0,22,0,0,134,NA,124,NA,NA
2013,1,KOA,ITO,0,0,0,0,0,NA,NA,NA,NA,NA
2013,1,LIH,HNL,924,0,353,3,1,118,NA,81,98,185
2013,1,LIH,OGG,775,0,31,0,0,109.5,NA,142,NA,NA
2013,1,LIH,KOA,224,0,27,0,0,139,NA,134,NA,NA
2013,1,LIH,ITO,126,0,6,0,0,131,NA,166,NA,NA
2013,1,ITO,HNL,955,0,222,0,0,123,NA,85,NA,NA
2013,1,ITO,OGG,573,0,0,0,0,93.5,NA,NA,NA,NA
2013,1,ITO,KOA,0,0,0,0,0,NA,NA,NA,NA,NA
2013,1,ITO,LIH,136,0,4,0,0,124.5,NA,123.5,NA,NA
2013,2,HNL,OGG,1316,0,426,5,0,127,NA,84,104.5,NA
2013,2,HNL,KOA,1273,0,382,0,1,127.5,NA,88.75,NA,166
2013,2,HNL,LIH,1188,0,352,4,0,118.5,NA,81,109.25,NA
2013,2,HNL,ITO,1189,0,273,0,0,129,NA,93,NA,NA
2013,2,OGG,HNL,1274,0,435,0,0,126,NA,86,NA,NA
2013,2,OGG,KOA,439,0,0,0,1,105.5,NA,NA,NA,108.5
2013,2,OGG,LIH,712,0,23,1,0,114.5,NA,135,115.81,NA
2013,2,OGG,ITO,516,0,0,0,0,97.25,NA,NA,NA,NA
2013,2,KOA,HNL,1324,0,410,0,0,128,NA,89,NA,NA
2013,2,KOA,OGG,435,0,0,0,0,106.5,NA,NA,NA,NA
2013,2,KOA,LIH,252,0,27,0,0,132,NA,145,NA,NA
2013,2,KOA,ITO,0,0,0,0,0,NA,NA,NA,NA,NA
2013,2,LIH,HNL,1224,0,387,5,0,121,NA,82,108,NA
2013,2,LIH,OGG,749,0,17,0,0,111,NA,126.7,NA,NA
2013,2,LIH,KOA,235,0,37,0,0,133,NA,132,NA,NA
2013,2,LIH,ITO,125,0,5,0,0,127,NA,161,NA,NA
2013,2,ITO,HNL,1214,0,250,0,0,129,NA,91.75,NA,NA
2013,2,ITO,OGG,567,0,5,0,0,99.5,NA,124,NA,NA
2013,2,ITO,KOA,0,0,0,0,0,NA,NA,NA,NA,NA
2013,2,ITO,LIH,142,0,5,0,0,127,NA,124,NA,NA
2013,3,HNL,OGG,1364,0,322,3,0,132,NA,86,107,NA
2013,3,HNL,KOA,1521,0,405,0,1,139.5,NA,94,NA,229
2013,3,HNL,LIH,1334,0,318,18,0,125.5,NA,87,120.5,NA
2013,3,HNL,ITO,1166,0,197,0,0,128.5,NA,93.5,NA,NA
2013,3,OGG,HNL,1238,0,316,5,0,132,NA,87,115.5,NA
2013,3,OGG,KOA,513,0,0,0,0,111,NA,NA,NA,NA
2013,3,OGG,LIH,774,0,36,1,0,126.04,NA,142,136.5,NA
2013,3,OGG,ITO,540,0,0,0,0,106,NA,NA,NA,NA
2013,3,KOA,HNL,1537,0,388,0,1,139,NA,94.25,NA,269
2013,3,KOA,OGG,511,0,0,0,0,120.5,NA,NA,NA,NA
2013,3,KOA,LIH,310,0,18,0,2,137,NA,166,NA,228.5
2013,3,KOA,ITO,0,0,0,0,0,NA,NA,NA,NA,NA
2013,3,LIH,HNL,1386,0,288,14,2,127.5,NA,88,119.5,167.5
2013,3,LIH,OGG,749,0,28,1,0,125.38,NA,152.5,127.5,NA
2013,3,LIH,KOA,346,0,35,0,0,143,NA,135,NA,NA
2013,3,LIH,ITO,168,0,8,0,0,145.5,NA,145,NA,NA
2013,3,ITO,HNL,1068,0,194,0,1,132,NA,92.25,NA,206
2013,3,ITO,OGG,635,0,3,0,0,107,NA,145,NA,NA
2013,3,ITO,KOA,0,0,0,0,0,NA,NA,NA,NA,NA
2013,3,ITO,LIH,179,0,14,0,0,144,NA,135,NA,NA
2013,4,HNL,OGG,1257,0,273,15,0,127,NA,83,100,NA
2013,4,HNL,KOA,1500,0,356,0,1,131.5,NA,93,NA,179
2013,4,HNL,LIH,1085,0,271,13,0,117,NA,80,112.5,NA
2013,4,HNL,ITO,1148,0,180,0,0,123,NA,85,NA,NA
2013,4,OGG,HNL,1240,0,265,17,0,124.75,NA,82,107.5,NA
2013,4,OGG,KOA,408,0,0,0,0,113.25,NA,NA,NA,NA
2013,4,OGG,LIH,723,0,26,1,0,115,NA,119.5,120,NA
2013,4,OGG,ITO,521,0,0,0,0,104,NA,NA,NA,NA
2013,4,KOA,HNL,1481,0,321,0,1,134,NA,93,NA,251
2013,4,KOA,OGG,405,0,0,0,0,119.5,NA,NA,NA,NA
2013,4,KOA,LIH,225,0,28,0,0,145,NA,142,NA,NA
2013,4,KOA,ITO,0,0,0,0,0,NA,NA,NA,NA,NA
2013,4,LIH,HNL,1127,0,258,8,0,119,NA,80,118.75,NA
2013,4,LIH,OGG,752,0,25,0,0,114.1,NA,121,NA,NA
2013,4,LIH,KOA,238,0,26,0,0,146,NA,133.5,NA,NA
2013,4,LIH,ITO,122,0,3,0,0,139,NA,124,NA,NA
2013,4,ITO,HNL,1128,0,185,0,0,123.5,NA,85,NA,NA
2013,4,ITO,OGG,642,0,2,0,0,105,NA,145,NA,NA
2013,4,ITO,KOA,0,0,0,0,0,NA,NA,NA,NA,NA
2013,4,ITO,LIH,145,0,4,0,0,140,NA,124,NA,NA
2014,1,HNL,OGG,1281,0,162,14,0,128,NA,80.5,102.75,NA
2014,1,HNL,KOA,1517,0,220,0,0,136.5,NA,92,NA,NA
2014,1,HNL,LIH,1070,0,120,9,0,115,NA,79,96.5,NA
2014,1,HNL,ITO,1347,0,139,0,1,128,NA,88,NA,228
2014,1,OGG,HNL,1254,0,163,8,0,128.5,NA,80.5,97,NA
2014,1,OGG,KOA,424,0,0,0,0,122,NA,NA,NA,NA
2014,1,OGG,LIH,625,0,46,0,0,115,NA,105.5,NA,NA
2014,1,OGG,ITO,499,0,0,0,0,105,NA,NA,NA,NA
2014,1,KOA,HNL,1566,0,205,0,1,137,NA,92,NA,228
2014,1,KOA,OGG,394,0,0,0,0,124,NA,NA,NA,NA
2014,1,KOA,LIH,261,0,6,0,0,145,NA,135,NA,NA
2014,1,KOA,ITO,0,0,0,0,0,NA,NA,NA,NA,NA
2014,1,LIH,HNL,1128,0,129,2,0,117.5,NA,79.5,91.98,NA
2014,1,LIH,OGG,675,0,21,0,0,117.42,NA,108,NA,NA
2014,1,LIH,KOA,240,0,25,0,0,151.5,NA,122,NA,NA
2014,1,LIH,ITO,145,0,3,0,0,144,NA,166,NA,NA
2014,1,ITO,HNL,1334,0,128,0,0,130.75,NA,86.5,NA,NA
2014,1,ITO,OGG,563,0,6,0,0,109,NA,124,NA,NA
2014,1,ITO,KOA,0,0,0,0,0,NA,NA,NA,NA,NA
2014,1,ITO,LIH,153,0,4,0,0,136,NA,124,NA,NA
2014,2,HNL,OGG,1294,0,0,8,0,124.5,NA,NA,95.75,NA
2014,2,HNL,KOA,1531,0,0,0,3,135.5,NA,NA,NA,213
2014,2,HNL,LIH,1066,0,0,12,0,113.5,NA,NA,105,NA
2014,2,HNL,ITO,1256,0,0,0,0,137,NA,NA,NA,NA
2014,2,OGG,HNL,1222,0,0,10,0,122,NA,NA,102,NA
2014,2,OGG,KOA,424,0,0,0,0,117.25,NA,NA,NA,NA
2014,2,OGG,LIH,678,0,0,1,0,119.515,NA,NA,176.96,NA
2014,2,OGG,ITO,557,0,0,0,0,113,NA,NA,NA,NA
2014,2,KOA,HNL,1546,0,0,0,2,134.25,NA,NA,NA,224
2014,2,KOA,OGG,403,0,0,0,0,120.5,NA,NA,NA,NA
2014,2,KOA,LIH,316,0,0,0,1,144,NA,NA,NA,202
2014,2,KOA,ITO,0,0,0,0,0,NA,NA,NA,NA,NA
2014,2,LIH,HNL,1098,0,0,16,0,116.75,NA,NA,107,NA
2014,2,LIH,OGG,666,0,0,0,0,119.205,NA,NA,NA,NA
2014,2,LIH,KOA,322,0,0,0,2,147,NA,NA,NA,204
2014,2,LIH,ITO,143,0,0,0,0,146,NA,NA,NA,NA
2014,2,ITO,HNL,1270,0,0,0,0,135.75,NA,NA,NA,NA
2014,2,ITO,OGG,610,0,0,0,0,116,NA,NA,NA,NA
2014,2,ITO,KOA,0,0,0,0,0,NA,NA,NA,NA,NA
2014,2,ITO,LIH,177,0,0,0,1,141,NA,NA,NA,161
2014,3,HNL,OGG,1198,0,0,14,13,127,NA,NA,83.93,214
2014,3,HNL,KOA,1620,0,0,0,6,140,NA,NA,NA,192
2014,3,HNL,LIH,1159,0,0,17,0,118,NA,NA,101,NA
2014,3,HNL,ITO,1350,0,0,0,14,139.5,NA,NA,NA,5
2014,3,OGG,HNL,1110,0,0,13,0,124.5,NA,NA,103,NA
2014,3,OGG,KOA,478,0,0,0,28,111,NA,NA,NA,102.75
2014,3,OGG,LIH,819,0,0,1,0,123,NA,NA,132.67,NA
2014,3,OGG,ITO,554,0,0,0,36,103.5,NA,NA,NA,90.25
2014,3,KOA,HNL,1672,0,0,0,8,140.5,NA,NA,NA,195.5
2014,3,KOA,OGG,398,0,0,0,26,112.25,NA,NA,NA,112.25
2014,3,KOA,LIH,329,0,0,0,12,144,NA,NA,NA,128.5
2014,3,KOA,ITO,0,0,0,0,0,NA,NA,NA,NA,NA
2014,3,LIH,HNL,1217,0,0,11,0,119.5,NA,NA,113.5,NA
2014,3,LIH,OGG,793,0,0,0,0,123,NA,NA,NA,NA
2014,3,LIH,KOA,323,0,0,0,13,149,NA,NA,NA,130
2014,3,LIH,ITO,164,0,0,0,31,149,NA,NA,NA,132
2014,3,ITO,HNL,1375,0,0,0,10,139,NA,NA,NA,54
2014,3,ITO,OGG,594,0,0,0,51,104,NA,NA,NA,96
2014,3,ITO,KOA,0,0,0,0,0,NA,NA,NA,NA,NA
2014,3,ITO,LIH,173,0,0,0,0,145,NA,NA,NA,NA
2014,4,HNL,OGG,1342,0,0,16,10,130.75,NA,NA,108.5,231
2014,4,HNL,KOA,1817,0,0,0,11,141.5,NA,NA,NA,182
2014,4,HNL,LIH,1024,0,0,12,0,115.75,NA,NA,97.75,NA
2014,4,HNL,ITO,1264,0,0,0,8,132,NA,NA,NA,169
2014,4,OGG,HNL,1333,0,0,20,0,130,NA,NA,108.25,NA
2014,4,OGG,KOA,430,0,0,0,46,119,NA,NA,NA,116.25
2014,4,OGG,LIH,770,0,0,1,0,117,NA,NA,124.5,NA
2014,4,OGG,ITO,550,0,0,0,62,102.75,NA,NA,NA,92
2014,4,KOA,HNL,1805,0,0,0,12,142,NA,NA,NA,185.5
2014,4,KOA,OGG,395,0,0,0,50,124,NA,NA,NA,109.25
2014,4,KOA,LIH,277,0,0,0,4,146,NA,NA,NA,162
2014,4,KOA,ITO,0,0,0,0,0,NA,NA,NA,NA,NA
2014,4,LIH,HNL,1028,0,0,13,0,120.5,NA,NA,111.5,NA
2014,4,LIH,OGG,781,0,0,0,0,118,NA,NA,NA,NA
2014,4,LIH,KOA,309,0,0,0,3,146,NA,NA,NA,165
2014,4,LIH,ITO,174,0,0,0,33,138.5,NA,NA,NA,118
2014,4,ITO,HNL,1231,0,0,0,8,134,NA,NA,NA,188
2014,4,ITO,OGG,564,0,0,0,76,104,NA,NA,NA,93.5
2014,4,ITO,KOA,0,0,0,0,0,NA,NA,NA,NA,NA
2014,4,ITO,LIH,147,0,0,0,13,143,NA,NA,NA,129
2015,1,HNL,OGG,1234,0,0,24,0,124.75,NA,NA,100.25,NA
2015,1,HNL,KOA,1474,0,0,0,1,141.965,NA,NA,NA,232
2015,1,HNL,LIH,1293,0,0,22,0,116,NA,NA,101.75,NA
2015,1,HNL,ITO,1124,0,0,0,1,134,NA,NA,NA,11
2015,1,OGG,HNL,1168,0,0,11,0,123,NA,NA,100,NA
2015,1,OGG,KOA,427,0,0,0,0,121,NA,NA,NA,NA
2015,1,OGG,LIH,697,0,0,1,0,119,NA,NA,122,NA
2015,1,OGG,ITO,486,0,0,0,0,105.75,NA,NA,NA,NA
2015,1,KOA,HNL,1528,0,0,0,0,141,NA,NA,NA,NA
2015,1,KOA,OGG,454,0,0,0,0,127.25,NA,NA,NA,NA
2015,1,KOA,LIH,263,0,0,0,0,157,NA,NA,NA,NA
2015,1,KOA,ITO,0,0,0,0,0,NA,NA,NA,NA,NA
2015,1,LIH,HNL,1197,0,0,10,0,120.5,NA,NA,106.25,NA
2015,1,LIH,OGG,754,0,0,0,0,123.25,NA,NA,NA,NA
2015,1,LIH,KOA,248,0,0,0,0,150,NA,NA,NA,NA
2015,1,LIH,ITO,143,0,0,0,0,147,NA,NA,NA,NA
2015,1,ITO,HNL,1072,0,0,0,0,134.5,NA,NA,NA,NA
2015,1,ITO,OGG,480,0,0,0,0,107,NA,NA,NA,NA
2015,1,ITO,KOA,0,0,0,0,0,NA,NA,NA,NA,NA
2015,1,ITO,LIH,129,0,0,0,1,142,NA,NA,NA,6
2015,2,HNL,OGG,1220,0,0,14,0,133.5,NA,NA,101,NA
2015,2,HNL,KOA,1153,0,0,0,1,137,NA,NA,NA,230
2015,2,HNL,LIH,1116,0,0,15,0,121.5,NA,NA,101,NA
2015,2,HNL,ITO,991,0,0,0,0,130,NA,NA,NA,NA
2015,2,OGG,HNL,1140,0,0,12,0,126.75,NA,NA,104.5,NA
2015,2,OGG,KOA,294,0,0,0,0,116,NA,NA,NA,NA
2015,2,OGG,LIH,582,0,0,0,3,120.5,NA,NA,NA,159
2015,2,OGG,ITO,491,0,0,0,0,109,NA,NA,NA,NA
2015,2,KOA,HNL,1208,0,0,0,0,135,NA,NA,NA,NA
2015,2,KOA,OGG,323,0,0,0,0,124,NA,NA,NA,NA
2015,2,KOA,LIH,259,0,0,0,1,149,NA,NA,NA,6
2015,2,KOA,ITO,0,0,0,0,0,NA,NA,NA,NA,NA
2015,2,LIH,HNL,1139,0,0,9,0,122.5,NA,NA,104,NA
2015,2,LIH,OGG,568,0,0,0,1,121.5,NA,NA,NA,173
2015,2,LIH,KOA,279,0,0,0,0,147,NA,NA,NA,NA
2015,2,LIH,ITO,116,0,0,0,0,139,NA,NA,NA,NA
2015,2,ITO,HNL,948,0,0,0,0,131.5,NA,NA,NA,NA
2015,2,ITO,OGG,511,0,0,0,0,109,NA,NA,NA,NA
2015,2,ITO,KOA,0,0,0,0,0,NA,NA,NA,NA,NA
2015,2,ITO,LIH,128,0,0,0,2,149.5,NA,NA,NA,128.5
2015,3,HNL,OGG,1307,0,0,24,5,136,NA,NA,102.75,206
2015,3,HNL,KOA,1178,0,0,0,3,139.5,NA,NA,NA,219
2015,3,HNL,LIH,1250,0,0,0,0,128.25,NA,NA,NA,NA
2015,3,HNL,ITO,987,0,0,0,0,132.5,NA,NA,NA,NA
2015,3,OGG,HNL,1195,0,0,15,0,131,NA,NA,106.5,NA
2015,3,OGG,KOA,484,0,0,0,13,108,NA,NA,NA,99
2015,3,OGG,LIH,682,0,0,0,3,130,NA,NA,NA,209
2015,3,OGG,ITO,465,0,0,0,17,106,NA,NA,NA,92.5
2015,3,KOA,HNL,1275,0,0,0,1,140.5,NA,NA,NA,271
2015,3,KOA,OGG,433,0,0,0,11,116,NA,NA,NA,106
2015,3,KOA,LIH,322,0,0,0,1,152.5,NA,NA,NA,197
2015,3,KOA,ITO,0,0,0,0,0,NA,NA,NA,NA,NA
2015,3,LIH,HNL,1203,0,0,0,0,130,NA,NA,NA,NA
2015,3,LIH,OGG,721,0,0,0,0,127.5,NA,NA,NA,NA
2015,3,LIH,KOA,327,0,0,0,2,148,NA,NA,NA,175.5
2015,3,LIH,ITO,180,0,0,0,5,151,NA,NA,NA,141
2015,3,ITO,HNL,952,0,0,0,1,132.5,NA,NA,NA,199
2015,3,ITO,OGG,475,0,0,0,27,106.5,NA,NA,NA,92.5
2015,3,ITO,KOA,0,0,0,0,0,NA,NA,NA,NA,NA
2015,3,ITO,LIH,180,0,0,0,0,144,NA,NA,NA,NA
2015,4,HNL,OGG,1374,0,0,55,9,135.5,NA,NA,93.5,254
2015,4,HNL,KOA,1572,0,0,0,10,144,NA,NA,NA,200
2015,4,HNL,LIH,1310,0,0,0,0,130,NA,NA,NA,NA
2015,4,HNL,ITO,1274,0,0,0,3,134,NA,NA,NA,221
2015,4,OGG,HNL,1328,0,0,54,0,132,NA,NA,91.5,NA
2015,4,OGG,KOA,345,0,0,0,47,113.5,NA,NA,NA,104.5
2015,4,OGG,LIH,571,0,0,0,1,122,NA,NA,NA,237
2015,4,OGG,ITO,354,0,0,0,51,99,NA,NA,NA,98
2015,4,KOA,HNL,1613,0,0,0,7,143.5,NA,NA,NA,220
2015,4,KOA,OGG,301,0,0,0,39,114,NA,NA,NA,105
2015,4,KOA,LIH,305,0,0,0,2,140,NA,NA,NA,114
2015,4,KOA,ITO,0,0,0,0,0,NA,NA,NA,NA,NA
2015,4,LIH,HNL,1295,0,0,0,1,131.5,NA,NA,NA,6
2015,4,LIH,OGG,604,0,0,0,0,128.595,NA,NA,NA,NA
2015,4,LIH,KOA,333,0,0,0,4,145,NA,NA,NA,152
2015,4,LIH,ITO,122,0,0,0,3,144.5,NA,NA,NA,122
2015,4,ITO,HNL,1124,0,0,0,4,134.25,NA,NA,NA,186.5
2015,4,ITO,OGG,374,0,0,0,66,101,NA,NA,NA,96
2015,4,ITO,KOA,0,0,0,0,0,NA,NA,NA,NA,NA
2015,4,ITO,LIH,106,0,0,0,4,139,NA,NA,NA,133.5
